name,description,manufacturer,price
Linksys EtherFast EZXS88W Ethernet Switch - EZXS88W,Linksys EtherFast 8-Port 10/100 Switch (New/Workgroup),LINKSYS,
Linksys EtherFast EZXS55W Ethernet Switch,5 x 10/100Base-TX LAN,LINKSYS,
Netgear ProSafe FS105 Ethernet Switch - FS105NA,NETGEAR FS105 Prosafe 5 Port 10/100 Desktop Switch,Netgear,
Belkin Pro Series High Integrity VGA/SVGA Monitor Extension Cable - F3H982-10,1 x HD-15 - 1 x HD-15 - 10ft - Beige,Belkin,
Netgear ProSafe JFS516 Ethernet Switch,Netgear ProSafe 16 Port 10/100 Rackmount Switch- JFS516NA,Netgear,
LaCie Pocket Floppy Disk Drive - 706018,LaCie Pocket USB Floppy 1.44 MB,LACIE,
Canon KP 36IP Print Cartridge / Paper Kit - 7737A001,36 Page 4' x 6',Canon,$9.99
Kensington Orbit Optical Trackball - USB w/PS2 Adapter - 64327,"Optical - USB, PS/2",Kensington,
Linksys EtherFast EF4116 Ethernet Switch,16 x 10/100Base-TX LAN,LINKSYS,
Linksys EtherFast EF4124 Ethernet Switch,24 x 10/100Base-TX LAN,LINKSYS,$64.99
Linksys Instant Gigabit EG005W Ethernet Switch,Linksys EG005W Gigabit 5-Port Workgroup Switch,LINKSYS,
Linksys G Wireless-G WET54G Wireless Bridge,54Mbps - 1 x 10/100Base-TX,LINKSYS,
Tripp Lite PowerVerter 375-Watt Ultra-Compact Inverter - PV375,Input Voltage:12V DC - Output Voltage:120V AC - 375W Pulse-width Modulated Sine Wave,Tripp Lite,
Netgear ProSafe GS105 Ethernet Switch - GS105NA,NETGEAR ProSafe 5 Port Gigabit Desktop Switch,Netgear,
Belkin Monitor Cable - F3H982-25,1 x HD-15 - 1 x HD-15 - 25ft - Black,Belkin,$15.98
Belkin AC Anywhere 300W Power Inverter - F5C400-300W,Input Voltage:12V DC - Output Voltage:110V AC - 300W Stepped Sine Wave,Belkin,
Linksys Wireless-G Range Expander Wireless Bridge - WRE54G,54Mbps,LINKSYS,
Sony VAIO Notebook and AC Adapter Case - VGPAMC2,VAIO NEOPRENE NOTEBOOK & AC ADAPTER CASE UP TO 17 IN LCD,Sony,
D-Link Express EtherNetwork High-Speed DOCSIS 2.0 Cable Modem - DCM-202,D-Link Broadband Cable Modem,D-Link,
Sony Notebook and AC Adapter Cases - VGPAMC3,Clam Shell - Neoprene,Sony,$12.99
Panasonic Black Toner Cartridge - KX-FA83,"Panasonic Toner Cartridge for the KX-FL511, KX-FL541, KX-FL611 and KX-FLM651 Series",Panasonic,
Logitech Z-2300 Multimedia Speaker System - 970118-0403,2.1-channel,Logitech,
Sony High Definition Mini DV Cassette - DSL-190-B,Sony DVM-63 HD High-Definition miniDV Videocassette,Sony,
Netgear ProSafe WG102 Wireless Access Point 802.11g - WG102NA,NETGEAR Prosafe 802.11g Wireless Access Point,Netgear,
Netgear RangeMax WPN802 Wireless Access Point - WPN802NA,108Mbps,Netgear,
Netgear ProSafe FS726TP 24 Port 10/100 Smart Switch - FS726TPNA,"24 x 10/100Base-TX LAN, 2 x 10/100/1000Base-T",Netgear,
Sennheiser Nickel metal hydride Battery for Headsets - BA-151,Nickel-Metal Hydride (NiMH) - 2.4V DC - Headset Battery,Sennheiser,$14.34
Sony MiniDV Head Cleaner - DVM12CLD,Head Cleaner,Sony,$7.95
Sony SB-V40S A/V Selector - SBV40S,"VCR, Camcorder, AV Receiver, Video Game Console, TV, Laser Disc Player, DVD Player Compatible - 4 x S-Video In, 4 x Composite Video In, 4 x Stereo Audio Line In, 1 x S-Video Out, 1 x Composite Video Out, 1 x Stereo A",Sony,
Panasonic KX-TS108W Corded Phone,1 x Phone Line(s) - White,Panasonic,
Panasonic KX-TS208W Corded Phone,2 x Phone Line(s) - Headset - White,Panasonic,
Garmin Canvas Deluxe Carry Case - 010-10231-01,Top Loading - Handle - Nylon - Black,Garmin,$17.45
Sony h.ear Stereo Earphones - MDRJ10/BLUE,- Blue,Sony,$12.38
OmniMount Universal Wall Speaker Mounting Kit - 20.0 WALL-B,Stainless Steel - 20 lb,"OMNIMOUNT SYSTEMS, INC",$24.34
OmniMount Stainless Steel Speaker Mount - 20.0 WALL-W,Stainless Steel - 20 lb,"OMNIMOUNT SYSTEMS, INC",
Sanus Euro Foundation Series III Speaker Stand - EFSATSIII,Steel - Silver,Sanus,
Sanus Euro Foundation Series III Speaker Stand - EFSATBKIII,Steel - Black,Sanus,
Panasonic KX-TCA86 Headset,Over-the-head,Panasonic,$11.03
Sony VCT-R640 Tripod - VCTR640,Floor Standing Tripod - 21.62' to 56.75' Height - 6.61 lb Load Capacity - Black,Sony,
Sanus Flat Panel TV Wall Mount - VMF,Steel - 50 lb,Sanus,
Sanus Speaker Mount - WMS3B BLACK,Plastic - 8 lb,Sanus,
Sanus Wall/Ceiling Speaker Mount - WMS3S SILVER,Plastic - 8 lb,Sanus,
Sony Mini DVD-R Media - 3DMR30L1H,1.4GB - 3 Pack,Sony,$6.99
Panasonic KX-TS3282B Corded Phone,2 x Phone Line(s) - Headset - Black,Panasonic,
Sanus Flat Panel TV Wall Mount - VMPL50-B,Steel - 130 lb,Sanus,
Sanus Television Turntable - TV/LCDS,150 lb,Sanus,
Panasonic KX-TCA92 Headset,Over-the-head,Panasonic,$18.42
Panasonic KX-TSC14B Corded Telephone,2 x Phone Line(s) - Headset - Black,Panasonic,
Sanus Flat Panel TV Wall Mount - VM1B,Aluminum - 50 lb,Sanus,$69.99
Canon NB-2LH Battery Pack - 9612A001,Lithium Ion (Li-Ion) - Photo Battery,Canon,
OmniMount TV Top Shelf Mount,OmniMount CCH1B Set-Top Center-Channel Shelf,"OMNIMOUNT SYSTEMS, INC",$21.49
Canon NB-4L Rechargeable Camera Battery - 9763A001,Canon NB-4L Lithium Ion Battery,Canon,$36.89
Panasonic 3x DVD-RAM Media,Panasonic LM-AF120LU5 Rewritable DVD-RAM Disc without Cartridge,Panasonic,
Canon CB-2LV Battery Charger - 9764A001,for NB-4L,Canon,
Canon EF-S 17-85MM f/4-5.6 IS USM Standard Zoom Lens,Canon 9517A002 EF-S 17-85mm f4-5.6 IS USM Standard Zoom Lens with Optical Image Stabilizer,Canon,$515.00
Sennheiser RS 140 Wireless RF Headphone - RS-140,"- Black, Silver",Sennheiser,$144.97
Sony Fontopia Earbuds - MDREX81LPB,Sony MDR-EX81LP/B Stereo Earphones - Black,Sony,$34.88
Sanus VisionMount Flat Panel TV Wall Mount - VMPL3B,Steel - 280 lb,Sanus,$144.05
Sanus Flat Panel TV Wall Mount - VM400S,"Steel, Aluminum - 80 lb",Sanus,
Sanus Under Cabinet LCD TV Mount - VMUC1S,15 lb,Sanus,
Sanus Flat Panel TV Wall Mount - VM400B,"Steel, Aluminum - 80 lb",Sanus,
Sanus Universal Projector Ceiling Mount - VMPR1B,50 lb,Sanus,
Plantronics Voyager 510 Bluetooth Earset,Plantronics Voyager510 Bluetooth Headset,Plantronics Bluetooth,
OmniMount TV Top Shelf Mount - CCH1P,Steel - 30 lb,"OMNIMOUNT SYSTEMS, INC",
Sony LCS Soft Carrying Case - LCSCST,Sony LCS-CST Soft Carrying Case for Ultra-Compact Digital Cameras,Sony,$9.95
Canon CLI-8M Ink Cartridge - 0622B002,Magenta,Canon,$10.35
"Canon Ink Cartridge For PIXMA iP1600, iP6210D and iP6220D Printers - 0617B002",Color,Canon,$19.11
"Canon Ink Cartridge For PIXMA iP4200, iP5200, iP5200R and iP6600D Printers - 0620B002",Black,Canon,$13.99
Canon CLI-8C Ink Cartridge - 0621B002,Cyan,Canon,$13.99
Canon CLI-8Y Ink Cartridge - 0623B002,Yellow,Canon,$13.99
Canon Black Ink Cartridge - 0615B002,Black,Canon,
Canon PGI-5BK Black Ink Cartridge - 0628B002,Canon PGI-5 Pigment Black Ink Cartridge for Canon ContrastPLUS Photo Printers,Canon,$14.99
Peerless Universal Flat Wall Mount - SF640P,Peerless Flat Wall Mount for 23'- 46' LCD Screens - Black,Peerless,
Netgear ProSafe FS116P Ethernet Switch - FS116PNA,16 x 10/100Base-TX LAN,Netgear,
Peerless Universal Tilt Wall Mount,Peerless Smart Mount ST660P Universal Tilt Wall Mount for 37' to 60' Screens (Black) up to 200lbs,Peerless,
Netgear ProSafe JGS524F 24-Port Gigabit Ethernet Switch - JGS524FNA,Netgear ProSafe JGS544F - 24 Port Gigabit Rackmount Switch with 2 Gigabit Slots,Netgear,
Tripp Lite Video Cable - P502-025,1 x HD-15 - 1 x HD-15 - 25ft - Black,Tripp Lite,
Logitech diNovo Media Desktop Laser - 967562-0403,Keyboard - Wireless - Mouse - Laser - Type A - USB - Receiver,Logitech,
Logitech Cordless Desktop MX 5000 Laser - 967562-0403,Keyboard - Wireless - 104 Keys - Mouse - Laser - Type A - USB - Receiver,Logitech,
Canon CLI-8PC Photo Cyan Ink Cartridge - 0624B002,Photo Cyan,Canon,$13.99
Canon CLI-8PM Photo Magenta Ink Cartridge - 0625B002,Photo Magenta,Canon,$13.99
"Canon CL-51 High Capacity Color Ink Cartridge For PIXMA MP450, PIXMA iP6210D and PIXMA iP6220D Printers - 0618B002",Color,Canon,
Canon PG-50 High Capacity Black Ink Cartridge For PIXMA MP450 Printer - 0616B002,Black,Canon,
Canon CL-52 Photo Ink Cartridge For PIXMA iP6210D and PIXMA iP6220D Printers - 0619B002,Color,Canon,$18.16
Panasonic DVD-RAM Media - LM-AF30U3,1.4GB - 3 Pack,Panasonic,$6.22
Belkin Hi-Speed USB 2.0 7-Port Hub - F5U237-APL-S,USB 2.0 7-PORT HUB/APPLE #TB857LL/A,Belkin,
Canon EF 70-300mm f/4-5.6 IS USM Telephoto Zoom Lens - 0345B002,f/4 to 5.6,Canon,$549.00
Universal Aeros IR/RF Remote Control - MX850,"TV, DVD Player, Audio Receivers, Cable Box, Satellite Receiver, PVR (Personal Video Recorder) - 100 ft - Universal Remote","UNIVERSAL REMOTE CONTROL, INC",$256.99
Universal MX-350 Osiris Remote Control - MX350,"TV, VCR, DVD Player, CD Player, Cable Box, Satellite Receiver, DVR, Audio Receivers - 100 ft - Universal Remote","UNIVERSAL REMOTE CONTROL, INC",$93.90
Linksys Wireless-G WRT54GL Broadband Router,Linksys WRT54GL Wireless-G Broadband Router,LINKSYS,
Nikon Speedlight SB-600 AF Flash Light - 4802,"i-TTL, TTL, D-TTL, Manual - 65.6ft Range",Nikon,$189.72
Sony Memory Stick Duo Replacement Adapter - MSACM2,Memory Stick Adapter - Memory Stick Duo,Sony,$19.48
Kensington MicroSaver Notebook Lock - 64068F,Steel - 6ft,Kensington,
Sirius Outdoor Home Antenna - 14240,42 dBi - SMB,Sirius,
Sony Ribbon and Paper with Snap-Off Edges For DPP-FP50 Digital Photo Printer - SVMF120P,"Ribbon, Sheet",Sony,
Audiovox XMH10 Home Docking Kit,XM Satellite Radio Receiver,Audiovox,
Audiovox XMFM1 Switch Box,XM Satellite Radio,Xm,$15.49
Sony Memory Stick USB Card Reader/Writer - MSACUS40,"Memory Stick, Memory Stick Duo",Sony,
Sanus Center Channel Speaker Mount - VMCC1B,Steel,Sanus,
Sony VAIO SZ Series Docking Station - VGPPRSZ1,"USB, Network, VGA, DVI-D, DC-in",Sony,
Sony Print Paper - SVMF40P,SVM-F40P 4'x6' Photo paper - 40-Count,Sony,$17.99
Canon PSC-75 Deluxe Soft Case - 0716B001,Top Loading - Leather,Canon,$19.94
Panasonic KX-TGA450B Cordless Handset,Panasonic KX-TGA450B Additional Handset for PANKXTG4500B,Panasonic,
Panasonic KX-TG4500B Corded/Cordless Telephone,4 x Phone Line(s) - Black,Panasonic,
Panasonic KX-TG6700B Cordless Telephone,Panasonic KX-TG6700B 5.8 GHz 2-Line FHSS GigaRange Expandable Digital Cordless Phone with Answering System & Call Waiting Caller ID,Panasonic,$106.14
Panasonic KX-TGA670B Cordless Handset,Panasonic KX-TGA670B Additional Handset for PANKXTG6700B,Panasonic,
Fellowes Powershred Personal W11C Shredder - 30100,Cross Cut - 11 Per Pass - 5.5 Gallon Wastebasket,Fellowes,
Directed Electronics Antenna Extension Cable - 14230,SMB - 50ft,Sirius,
Sony Learning Remote Control - RMVL600,"TV, DVD Player, VCR, CD Player, Satellite Receiver, DVR - 32.81 ft - Universal Remote",Sony,$19.99
Uniden TCX905 Cordless Handset - TCX905,Uniden TCX-905 Tru-Digital Expansion Handset With Caller ID,Uniden,
Panasonic KX-TS600W Basic Telephone,"1 x Phone Line(s) - 1 x Headset, 1 x Data - White",Panasonic,
Pioneer Nautica Marine Remote Control,Pioneer Electronics CD-MR80D Wired Marine Remote Control with Display,Pioneer,
Pioneer GEX-P920XM XM Digital Satellite Tuner - GEX-P920XM,Pioneer Electronics GEXP920XM XM Digital Satellite Tuner for Pioneer Headunits,Pioneer,
Pioneer TS-P462 Speaker,Pioneer Electronics TS-P462 4' x 6' 2-Way Component Plate Speaker with 150 Watts Maximum Power,Pioneer,
Pioneer Nautica TS-MR1640 Marine Speaker - TS-MR1640,Pioneer Electronics TSMR1640 Nautica Series 6-1/2' Marine-Use 2-Way Speaker with 160 Watts Max. Power,Pioneer,
Canon NB-5L Lithium-Ion Digital Camera Battery - 1135B001,Canon NB-5L Lithium Ion Battery,Canon,$36.49
Boss 161 Speaker,Speaker - Magnetically Shielded,BOSE,$158.00
Bose Acoustimass 5 Series III Speaker System - 21725,2.1-channel - Black,BOSE,$359.00
Bose PMCII Remote Control,"DVD Player, TV, VCR, Tuner, Amplifier, CD Player, Cable Box, Satellite Receiver, PVR (Personal Video Recorder) - 80 ft - DVD Player Remote",BOSE,$145.37
Apple DVI to mini-DVI Video Cable Adapter - M9321GB,mini-DVI Male to 24-pin DVI-D (Digital) Male,Apple,$19.99
Peerless PLAV70-UNLP-S Articulating Dual-Arm with Vertical Adjustment - PLAV70 UNLPS,Steel - 200 lb,Peerless,$449.52
Sanus VisionMount Flat Panel TV Wall Mount - MF110-B1,"Steel, Aluminum - 100 lb",Sanus,
Sanus VisionMount Flat Panel TV Wall Mount - ML22-B1,Steel - 100 lb,Sanus,
Sanus VisionMount Tilting Flat Panel TV Wall Mount - MT25-B1,Steel - 100 lb,Sanus,
Canon PSC-55 Deluxe Leather Camera Case - 1588B001,Top Loading - Leather - Black,Canon,$16.82
Garmin USB Cable - 010-10723-01,1 x Type A USB,Garmin,$8.15
Garmin Leather GPS Case,Garmin 010-10723-02 - Leather GPS Case,Garmin,
Garmin Vehicle Suction Cup mount,Garmin 010-10723-03 - Vehicle Suction Cup Mount,Garmin,
Garmin Cigarette Lighter Adapter for GPS,Garmin 010-10723-06 - Cigarette Lighter Adapter for GPS - 12V DC,Garmin,
Sharp R-1214 Microwave Oven - R-1214,SHARP Over-the-Counter Stainless Mircowave Oven - R1214,Sharp,$380.67
Linksys WAP4400N Wireless-N Access Point With POE - WAP4400N,Linksys Wireless-N Access Point with Power Over Ethernet High-Speed Wireless Access for Existing Networks!,LINKSYS,
Linksys Wireless-N WRVS4400N Gigabit Security Router with VPN,4 x LAN,LINKSYS,
Panasonic CGA-S007A/1B Lithium Ion Digital Camera Battery,Lithium Ion (Li-Ion) - 3.7V DC - Photo Battery,Panasonic,
Panasonic BB-HCM331A Outdoor Network Camera with 2-Way Audio,Color - CCD - Cable,Panasonic,
Panasonic KX-FG2451 Plain Paper Thermal Transfer Fax/Copier - KX-FG2451,Panasonic Plain Paper Fax/Copier with 2.4GHz FHSS GigaRange Cordless Phone and Digital Answering System,Panasonic,
Panasonic KX-TS3282W Corded Telephone,2 x Phone Line(s) - Headset - White,Panasonic,
Panasonic KX-TSC14W 2-Line Telephone,2 x Phone Line(s) - Headset - White,Panasonic,
Techcraft Veneto Series ABS32 TV Stand,"Glass, Wood - Black",Techcraft,$150.13
Techcraft Veneto Series SWP48 TV Stand,"Wood, Glass - Brown",Techcraft,$299.00
"Logitech QuickCam Communicate STX Webcam - Black, Charcoal - 961464-0403",CMOS - USB,Logitech,
Audiovox CNP2000 XM Mini-Tuner,XM Satellite Radio Receiver,Audiovox,
Audiovox CNP2000H XM Mini-Tuner Home Dock,XM Satellite Radio,Audiovox,$24.74
Denon TU-1500RD Stereo Radio Tuner - TU1500RD,40,Denon,
Toshiba Lithium Ion Portable DVD Player Battery - MEDB05LX,Lithium Ion (Li-Ion) - 7.4V DC - Portable DVD Player Battery,Toshiba,$149.99
Pioneer Car Audio Remote Control - CDVC1,Car Audio System - Car Audio Remote,Pioneer,$35.00
Sony SCD-CE595 CD Player - SCDCE595,"CD-ROM, CD-R, CD-RW - CD-Text Playback - 5 Disc(s)",Sony,
Sony CDP-CE375 CD Player/Changer - CDPCE375,"CD-ROM, CD-R, CD-RW - 5 Disc(s) - 32 Programmable Track(s)",Sony,$114.18
Denon DP-29F Analog Record Turntable - DP29F,Belt Drive,Denon,
Sony CDP-CX455 CD Player/Changer - CDPCX455,"CD-R, CD-RW, CD-ROM - MP3, CD-Text Playback - 400 Disc(s) - 32 Programmable Track(s)",Sony,$219.99
Kenwood KDC-C669 Car CD Changer - KDCC669,CD-RW - CD-Text,Kenwood,
Sony Compact Disc Player/Recorder - RCDW500C,"CD-R, CD-RW, CD-ROM - CD-Text, MP3 Playback - 5 Disc(s) - 24 Programmable Track(s)",Sony,$219.76
Apple V.92 Data/Fax USB Modem - MA034ZA,USB - RJ-11 Phoneline - 56 Kbps,Apple,$49.00
Universal MasterControl Universal Learning Remote Control - RF20,"Audio/Video, TV, VCR, DVD Player, CD Player, Cable Box, DVR, Audio System, Tape Deck, PC, Satellite Radio, iPod, Xbox 360, Lighting System - 50 ft, 100 ft - Universal Remote","UNIVERSAL REMOTE CONTROL, INC",
Sony Remote Control - RMV310,"TV, VCR, DVD Player, Cable Box, Satellite Receiver, Amplifier, CD Player, DVR - 23 ft - Universal Remote",Sony,$14.72
Denon DP-300F Analog Record Turntable - DP300F,Belt Drive,Denon,$328.99
Sony DVPCX995V DVD Player,"DVD+RW, DVD-RW, CD-RW - DVD Video, Video CD, SVCD, SACD, MP3, JPEG Playback - 400 Disc(s) - Progressive Scan - Black",Sony,$249.99
Griffin Elevator Desktop Stand for Portable Laptops - 1093-CURV2,Aluminum,Griffin,
Sony 17-in-1 External USB Memory Card Reader And Writer - MRW62E/S1/181,"17-in-1 - Memory Stick Duo, Memory Stick MagicGate Duo, Memory Stick PRO, Memory Stick PRO MagicGate, miniSD Card, MultiMediaCard (MMC), RS-MMC, CompactFlash (CF) Card, Secure Digital (SD) Card, Smar",Sony,
Belkin CushTop - F8N044-ORG,- Orange,Belkin,
Belkin CushTop - F8N044-GRN,- Green,Belkin,
Belkin CushTop - F8N044-SLV,- Silver,Belkin,
Canon PG-40 Black Ink Cartridge - PG-40-BK-TWIN,Black,Canon,$41.46
Olympus Neoprene Soft Camera Case - 202066,Top Loading - Neoprene - Black,Olympus,$11.89
Canon Battery and Charger Kit - 1169B001,Power Accessory Kit,Canon,
Directed Electronics Sportster 4 Sirius Satellite Radio Receiver - SP4TK1,XS - FM Transmitter - 6 Lines LCD,Sirius,$169.99
Panasonic KX-FLB801 Multifunction Printer - KX-FLB801,Panasonic All-in-One All-in-One Flatbed Laser Fax,Panasonic,
Denon DVD-2930CI DVD Player - DVD2930CI,"DVD+RW, DVD-RW, CD-RW - DVD Video, DVD Audio, SACD, Video CD, Picture CD, JPEG, WMA, PCM, HDCD, MP3, MPEG-1, MPEG-2, MPEG-4, DivX Playback - 1 Disc(s) - Progressive Scan - Black",Denon,$448.00
Directed Electronics SUPV1 Car Kit,Sirius Satellite Radio Receiver,Sirius,
Sirius SUPH1 Sirius Universal Home Kit,Sirius Satellite Radio Receiver,Sirius,$44.99
Logitech diNovo Edge Keyboard - 967685-0403,USB,Logitech,
Nikon EN-EL3e Lithium Ion Digital Camera Battery - 25334,Nikon EN-EL3e Rechargeable Li-ion Battery,Nikon,$34.24
Nikon 55-200mm f/4-5.6G ED AF-S DX Telephoto Zoom Lens - 55200MMLENS,0.28x - 55mm to 200mm - f/4 to 5.6,Nikon,$124.95
Sony LCS-CSH Soft Camera Case - LCSCSH,Top Loading - Polypropylene - Black,Sony,
Olympus Slim Leather Case - 202087,Leather - Black,Olympus,$18.99
Canon EF 75-300mm f/4-5.6 III Telephoto Zoom Lens - 6473A003,f/4 to 5.6,Canon,$159.95
Canon Mini DV Camcorder Starter Kit - 9582A008,Camcorder Starter Kit,Canon,$69.95
Canon BCI-6 Color Ink Cartridges - 4705A018,"Black, Cyan, Magenta, Yellow, Light Cyan, Light Magenta",Canon,$59.99
Directed Electronics Starmate 4 Sirius Satellite Radio Receiver - ST4TK1,XS - FM Transmitter - 5 Lines LCD,Sirius,$104.93
Olympus LI-42B Lithium Ion Digital Camera Battery - 202034,Lithium Ion (Li-Ion) - 3.7V DC - Photo Battery,Olympus,
Nikon Nikkor 70-300mm f/4.5-5.6G ED-IF AF-S VR Telephoto Zoom Lens - 2161,f/4.5 to 5.6,Nikon,$449.00
Fellowes MicroShred MS-450Cs Shredder - 3245001,Micro Cut - 7 Per Pass,Fellowes,$185.99
Fellowes Powershred Personal SB-97Cs Confetti Cut Shredder - 3219701,Cross Cut - 17 Per Pass,Fellowes,$240.67
Sony 1GB Memory Stick Micro (M2) Card - MSA1GD,1 GB,Sony,$21.47
Bose In-Ear Earphone - INEARHEADPHONES,- Black,BOSE,$99.95
Panasonic KX-FP145 Plain Paper Thermal Transfer Fax/Copier - KXFP145,Panasonic Slim Cabinet Plain Paper Fax/Copier with All-digital Answering System,Panasonic,$94.88
Canon CLI-8 Red Ink Tank For PIXMA Pro9000 Printer - 0626B002,Red,Canon,$15.75
Canon CLI-8 Green Ink Tank For PIXMA Pro 9000 Printer - 0627B002,Green,Canon,$12.85
Linksys WPSM54G Wireless-G USB Print Server,"1 x 10/100Base-TX Network, 1 x USB - Wi-Fi - IEEE 802.11b/g",LINKSYS,
Directed Electronics SCH1 SiriusConnect Home Tuner,SIRIUS SCH1 SIRIUSConnect Home Tuner,Sirius,$54.92
Techcraft SWP60 Classic Wood Tone Credenza TV Stand,Wood - Walnut,Tech Craft,
Pioneer iBus Interface Cable for iPod - CD-I200,"6.56ft - 1 x IP-Bus, 1 x Proprietary - Audio Cable",Pioneer,$26.50
Peerless SGLB01 Flat Panel TV Stand,Glass - Black,Peerless,
Transcend 4GB Secure Digital High Capacity (SDHC) Card - Class 6 - TS4GSDHC6,Transcend 4GB SDHC Class 6 Secure Digital High Capacity Card,TRANSCEND INFORMATION,$5.74
Transcend 2GB microSD Card - TS2GUSD,2 GB,TRANSCEND INFORMATION,$1.75
polkaudio TCi Series TC60i In-Ceiling Loudspeaker - TC60iW,2-way Speaker 125W (RMS) - White,Polk Audio,$132.83
OmniMount Wishbone Large/X-Large Premium Cantilever Mount and Universal Adapter - UCL-XB,200 lb,"OMNIMOUNT SYSTEMS, INC",$292.92
Nikon EN-EL9 Lithium Ion Digital Camera Battery Pack - 25353,Lithium Ion (Li-Ion) - 7.4V DC - Photo Battery,Nikon,$35.65
Garmin Leather Carry Case for Nuvi 660 - 010-10823-01,Top Loading - Leather,Garmin,$9.28
TOMTOM GPS Receiver Accessory Kit - 9N00.101,TomTom Windshield Mount and USB Car Charger,Tom Tom,$35.64
Sanus Flat Panel Ceiling Mount - SC1A-B1,25 lb,Sanus,
Coby Electronics TF-DVD7006 Portable DVD Player - TFDVD7006,Coby TF-DVD7006 7' Widescreen Portable DVD Player,Coby,$70.32
Panasonic KX-TG1032S Dual Handset Digital Cordless Phone,1 x Phone Line(s) - Headset Jack - Silver,Panasonic,$61.14
Panasonic KX-TG1033S Digital Cordless Phone with Three Handsets,1 x Phone Line(s) - Headset Jack - Silver,Panasonic,
Panasonic KX-TG1034S DECT 6.0 Cordless Phone - KX-TG1034S,Panasonic DECT 6.0 Series 4 Handset Cordless Phone System with Answering System,Panasonic,$89.45
Canon E-P100 Photo Pack For Selphy ES1 Printer - 1335B001,Photo Paper,Canon,$21.23
Olympus VN-4100PC 256MB Digital Voice Recorder - 141927,256MB Flash Memory - LCD - Portable,Olympus,$44.95
Sanus LRF118-B1 Full Motion Wall TV Mount,130 lb - Black,Sanus,
Sanus MF209-B1 Full Motion Wall TV Mount,60 lb,Sanus,
Case Logic Universal Vertical PDA Leather Pouch - CLP104BB,Leather,Case Logic,$9.99
Sanus MF215-B1 Extending Full Motion Mount,60 lb,Sanus,
Sony InfoLithium H-Series NP-FH70 Camcorder Battery - NPFH70,Lithium Ion (Li-Ion) - 8.4V DC - Photo Battery,Sony,$57.00
Sony DVPNS57P DVD Player - DVPNS57PS,"DVD-R, DVD+R, DVD+RW, DVD-RW, CD-RW - DVD Video, SVCD, Video CD, JPEG, MP3 Playback - 1 Disc(s) - Progressive Scan - Silver",Sony,$45.32
Audiovox VE927 9' TV/DVD Combo,"9' - LCD - ATSC, NTSC - 16:9 - Stereo Sound - HDTV - DVD-R, CD-R, CD-RW",Audiovox,$279.99
Garmin Portable Friction Mount,Garmin 010-10908-00 Portable Friction Mount,Garmin,
Sony NP-FH100 Lithium Ion Camcorder Battery - NPFH100,Lithium Ion (Li-Ion) - 8.4V DC - Photo Battery,Sony,
Transcend 8GB Secure Digital High Capacity (SDHC) Card - Class 6 - TS8GSDHC6,Transcend 8GB SDHC Secure Digital High Capacity Card,TRANSCEND INFORMATION,$11.45
Garmin Lightweight GPS Case - 010-10704-00,Clam Shell,Garmin,
Panasonic KX-TG6702B Cordless Telephone - KX-TG6702B,Panasonic 5.8GHz 2 Line Expandable Phone With Extra Handset,Panasonic,$159.92
Olympus PS-BLS1 Lithium Ion Digital Camera Battery - 260236,Lithium Ion (Li-Ion) - Photo Battery,Olympus,
Sony Noise Cancelling Earphone - MDRNC22/BLK,- Black,Sony,
GN Jabra BT5010 Wireless Earset,Jabra BT5010 Bluetooth Headset,Jabra,$26.37
Olympus DS-40 512MB Digital Voice Recorder - 141910,512MB Flash Memory - LCD - Portable,Olympus,$110.24
Netgear ProSafe GS724TP 24 Port Smart Switch with PoE - GS724TP-100NAS,"22 x 10/100/1000Base-T LAN, 2 x 10/100/1000Base-T LAN",Netgear,
Sony SLVD380P DVD/VCR Combo,"VHS, DVD-R, CD-R - DVD Video, MP3 Playback - Progressive Scan",Sony,
Sony DVPNS57P DVD Player - DVPNS57PB,"DVD+RW, DVD-RW, DVD+R, DVD-R, CD-RW - DVD Video, SVCD, Video CD, JPEG, MP3 Playback - 1 Disc(s) - Progressive Scan - Black",Sony,$39.00
Nikon EN-EL10 No-Mem Lithium-Ion Camera Battery - 25752,Lithium Ion (Li-Ion) - 3.7V DC - Photo Battery,Nikon,$21.26
Kensington ComboSaver Ultra Notebook Lock - K64516US,Combosaver Ultra Combination Notebook Lock,Kensington,
Canon Speedlite 580EX II Flash Light - 1946B002,"TTL, E-TTL",Canon,
Canon FAX-JX200 Fax Machine - 1735B002AA,Monochrome Copier - 1.33 cpm Mono - Inkjet,Canon,
Canon PG-40 Twin Pack Black Ink Cartridge - 0615B013,Black,Canon,
Yamaha NX-U10 USB Powered Stereo Speaker - NX-U10SL,2.0-channel - Silver,Yamaha,
LaCie Big Disk Ethernet Network Storage Server - 301239U,LaCie Ethernet Big Disk 2TB USB 2.0 16MB 7200RPM Network Attached Storage,LACIE,
Kenwood iPod Direct Cable - kcaip200,"1 x Proprietary - 1 x Mini-phone Stereo, 1 x Type A",Kenwood,$19.72
Kenwood iPod-Video Direct Adapter - KCAiP300V,"Proprietary Male to Type A Male USB, 2 x Mini-phone Male - 4.92ft",Kenwood,$26.00
Sony MDR-Q68LW Stereo Earphone - MDRQ68LW,- Stereo,Sony,$19.05
Logitech Digital Precision PC Gaming Headset - 981-000040,Logitech Digital Precision PC Headset,Logitech,$31.99
Logitech QuickCam Pro 9000 Webcam - 960-000048,Logitech QuickCam Pro 9000,Logitech,
Audiovox XMCK5P EXPRESSEZ Satellite Radio - XMCK5P,Audiovox Xpress EZ XM Radio Receiver with Vehicle Kit,Audiovox,
Monster Cable iFreePlay Cordless Headphone - AI SH HPHONE,Connectivity: Wireless - Stereo - Behind-the-neck,Monster Cable,
LaCie Big Disk Extreme+ Hard Drive - 301199U,LaCie Big Disk Extreme 1TB Hard Drive - Triple Interface (USB 2.0 & FireWire 400/800) External Hard Drive,LACIE,
Audiovox Satellite Radio Tuner,TERK XMRVRFM002 CommanderMT Universal In-Car XM Receiver,Xm,
Uniden DECT 6.0 1.9GHz Cordless Phone - DECT2080-2,1 x Phone Line(s),Uniden,$46.72
Garmin Suction cup mount/12-volt adapter kit - 010-10979-00,Navigator Starter Kit,Garmin,
Nikon Digital Camera Leather Case - 5811,Leather - Black,Nikon,$7.99
Logitech V470 Cordless Laser Mouse for Notebooks - 910-000298,Logitech V470 Bluetooth Notebook Mouse - Blue,Logitech,
Sony VRDMC5 Digital Video Recorder,"DVD+RW, DVD-RW, DVD+R, Memory Stick, Memory Stick Duo, Secure Digital (SD) Card, xD-Picture Card, CompactFlash (CF) - DVD Video, MP3 - 1 Disc - 12Hour Recording",Sony,$166.29
Logitech MX Air Rechargeable Cordless Air Mouse - 931633-0403,Laser - USB,Logitech,
Monster Cable iCable A IC MINI IP-3 S Audio Stereo Cable - 123870,1 x Mini-phone Stereo - 1 x Mini-phone Stereo - 3ft,Monster,
Bracketron iPod Docking Kit,Bracketron IPM-202-BL Pro Series iPod Docking Kit,Bracketron,$4.65
Bracketron Nav-Mat Portable GPS Dash Mount - UFM-100-BL,Bracketron Nav-Mat - Portable GPS Dash Mount,Bracketron,
Canon PIXMA MX310 Multifunction Photo Printer - 2184B002,"Canon PIXMA MX310 Office All-in-One Printer, Scanner, Copier and Fax with High-Speed Auto Document Feeder",Canon,$89.99
Canon PIXMA MX700 Multifunction Photo Printer - 2186B002,Canon Pixma MX700 Office All-in-One Printer,Canon,
Canon CanonScan 8800F Flatbed Scanner - 2168B002,Canon CanoScan 8800F,Canon,$235.50
Peerless SmartMount 700 Series Articulating Wall Arm,Peerless SA745PU - Articulating Wall Arm for 32' to 45' LCD and Plasma Screens - Piano Black,Peerless,
Peerless SmartMount 700 Series Articulating Wall Arm,Peerless SA750PU - Articulating Wall Arm for 32' to 50' LCD and Plasma Screens - Piano Black,Peerless,
Sony LCS-TWA/R Cyber-shot Camera Case,Top Loading - Leather - Red,Sony,$27.92
Sony LCS-TWA/B Cyber-shot Camera Case - LCSTWA/B,Top Loading - Leather - Black,Sony,$34.00
Denon AVR-3808CI A/V Receiver - AVR3808CI,"Dolby Pro Logic IIx, Dolby Digital Surround, DTS-ES, DTS Neo:6, DTS 96/24, Neural SurroundFM, AM, XM",Denon,"$1,698.00"
Denon AVR-4308CI A/V Receiver - AVR4308CI,"Dolby Pro Logic IIx, Dolby Digital Surround, DTS-ES, DTS Neo:6, DTS 96/24, Neural SurroundFM, AM, XM",Denon,"$1,849.77"
Canon EOS 40D Digital SLR Camera - 1901B004,Canon EOS 40D 10 Megapixel Digital SLR Camera - Body Only,Canon,$849.95
Canon EOS 40D Digital SLR Camera with EF 28-135mm f/3.5-5.6 IS USM Lens - 1901B017,Canon EOS 40D Digital SLR Camera with 28-135mm Lens,Canon,"$1,029.88"
Canon PSC-1000 Semi-Hard Leather Case - 2350B001,Leather - Burgundy,Canon,$16.97
LaCie Little Disk Hard Drive - 301278,LaCie Little Disk 250GB USB 2.0 5400RPM Portable External Hard Drive,LACIE,$79.99
Apple iPod Shuffle 1GB MP3 Player - MB226LL/A,1GB Flash Memory - Silver,Apple,
Speck Products ToughSkin for iPod classic - IC-BLK-TS,Rubber - Black,Speck Products,$12.95
Sony Universal Remote Control - RM-EZ4,"TV, Cable Box - Universal Remote",Sony,$12.72
Klipsch RoomGroove Wireless iPod Speaker System - 1006602,Black,Klipsch,$199.99
Sony 2GB Memory Stick Micro (M2) - MSA2GD,2 GB,Sony,
Sony HDMI Mini Cable - VMC30MHD,1 x Mini Type C HDMI - 1 x Type A HDMI - 10ft,Sony,$36.95
Linksys Ultra RangePlus Dual Band Wireless-N PC Card - WPC600N,PC Card,LINKSYS,$44.08
Klipsch Groove PM20 Computer Speakers - 1007596,Groove PM20 Computer Speakers,Klipsch,
Sony High Definition HDMI to Mini-HDMI Cable - VMC15MHD,1 x HDMI - 1 x mini-HDMI - 4.92ft,Sony,$26.95
Sony InfoLITHIUM D-Type NP-FD1 Digital Camera Battery - NPFD1,Lithium Ion (Li-Ion) - 4.2V DC - Photo Battery,Sony,$41.72
Sony LCJ-THC/B Jacket Case with Stylus - LCJ-THC/W,Leather - White,Sony,$35.08
Sony LCS-CSJ Soft Camera Case - LCSCSJ,Top Loading - Polyamide - Black,Sony,
Sony LCS-CSQ Soft Cyber-shot Camera Case - LCSCSQ/B,Top Loading - Polyamide - Black,Sony,
Peerless SS550P Flat Panel TV Stand,Glass - Black,Peerless,
Sony LFV30 Network Media Player,"Ethernet, Wi-Fi",Sony,$172.47
Transcend 4GB CompactFlash Card (133x) - TS4GCF133,Transcend 4GB CompactFlash Memory Card (133x),TRANSCEND INFORMATION,
Transcend 8GB Compact Flash Card (133x) - TS8GCF133,Transcend 8GB CompactFlash Card (133x),TRANSCEND INFORMATION,
Microsoft Office:mac 2008 Home and Student Edition - GZA-00006,Office Mac Home & Student 2008,Microsoft,
Contour Showcase Classic for iPod classic 80 GB - SH-CLS80-B02,"Plastic, Rubber - Clear",Contour,
Sony LCS-CSL Cyber-shot Camera Case,Top Loading - Leather - Black,Sony,
Panasonic KX-TGA820B Cordless Handset,Black,Panasonic,$39.76
Panasonic KX-TG8232B Cordless Phone,1 x Phone Line(s) - Black,Panasonic,$79.99
Panasonic PT-AX200U Home Theater Projector,1280 x 720 WXGA - 10.8lb,Panasonic,$999.00
Sirius Sportster 5 Radio with Vehicle Kit,SIRIUS SP5TK1 Sportster 5 Dock & Play Radio with Car Kit,Sirius,$131.99
Griffin iTrip FM Transmitter - 4052-TRPSEB,30ft,Griffin,
Canon PSC-1000 Semi-Hard Leather Case - 2349B001,Canon PSC-1000 Deluxe Grey Leather Case,Canon,$19.99
Apple Mac mini Desktop - MB138LL/A,"Intel Core 2 Duo T5600 1.83GHz - 1GB DDR2 SDRAM - 80GB - Combo Drive (CD-RW/DVD-ROM) - Bluetooth, Gigabit Ethernet, Wi-Fi - Mac OS X 10.5 Leopard - Small Desktop",Apple,$574.99
Nikon D300 Digital SLR Camera - 25432,12.3 Megapixel - 3' Active Matrix TFT Color LCD,Nikon,"$1,521.09"
Yamaha YST-FSW150 Subwoofer - YST-FSW150BL,Yamaha New shaped subwoofers with Advanced YST II and Down-Firing Active design (130W),Yamaha,
Yamaha YSTFSW100 Subwoofer - YST-FSW100BL,Yamaha YST-FSW100 6.5' 130-Watt Powered Sub-woofer- Black,Yamaha,
Yamaha SPM-K30 Mounting Installation Bracket - SPM-K30,"Wall Mount Bracket for the Yamaha Digital Sound Projectors, models YSP-4000, YSP-3000, YSP-900 and YSP-800",Yamaha,
Linksys RangePlus WRT160N 4-Port Wireless-N Broadband Router - WRT160N,Linksys Ultra RangePlus Wireless-N Broadband Router,LINKSYS,
Linksys Wireless-G Internet Video Camera - WVC54GCA,"CMOS - Wireless Wi-Fi, Wireless Wi-Fi, Cable, Cable",LINKSYS,
Linksys WGA600N Wireless Gaming Adapter,54Mbps,LINKSYS,
LaCie USB 2.0 External Hard Drive - 301304U,LaCie 1TB USB 2.0 7200RPM Desktop External Hard Drive - Design by Neil Poulton,LACIE,
LaCie USB 2.0 External Hard Drive - 301302U,LaCie 500GB USB 2.0 7200RPM Desktop External Hard Drive - Design by Neil Poulton,LACIE,$86.95
Linksys WUSB600N Dual-Band Wireless-NUSB Network Adapter - WUSB600N,Linksys Dual-Band Wireless-N USB Network Adapter,LINKSYS,
Sony VCL-DH1774 Telephoto Lens - VCLDH1774,Black,Sony,
Griffin iTrip AutoPilot FM Transmitter - 4046-TRPAUTOC,3 x FM,Griffin,
Logitech Harmony One Advanced Universal Remote Control - 915-000035,Logitech Harmony One Advanced Universal Remote,Logitech,$179.99
LaCie Little Disk Hard Drive - 301829,LaCie 320GB Little Disk USB 2.0 5400RPM Portable External Hard Drive,LACIE,
LaCie d2 Quadra Hard Drive - 301825U,"500GB - 7200rpm - Serial ATA/300, IEEE 1394b, IEEE 1394a, USB 2.0 - External SATA, FireWire, FireWire, USB - External",LACIE,$138.88
Canon VIXIA HF100 High Definition Digital Camcorder - 2708B001,Canon VIXIA HF100 High Definition Camcorder,Canon Camcorders,$529.00
Canon DC320 Digital Camcorder - 2691B001,Canon DC320 DVD Digital Camcorder,Canon,$299.99
Canon VIXIA HF10 High Definition Digital Camcorder - 2573B001,Canon VIXIA HF10 High Definition Camcorder,Canon,$638.09
Canon FS10 Digital Camcorder - 2686B001,Canon FS10 Dual Flash Memory Camcorder,Canon Camcorders,$341.72
Canon FS11 Digital Camcorder - 2685B001,Canon FS11 Flash Memory Camcorder,Canon Camcorders,$405.97
Canon FS100 Digital Camera - 2699B001,Canon FS100 Flash Memory Camcorder,Canon Camcorders,$299.95
Sharp AQUOS LC37D44U 37' LCD TV - LC37D44U,Sharp AQUOS LC-37D44U - 37' Widescreen LCD HDTV - 7500:1 Dynamic Contrast Ratio - 6ms Response Time,Sharp,
Toshiba SD-4100 DVD Player,"DVD+RW, DVD-RW, DVD-R, CD-RW - DVD Video, Video CD, SVCD, MP3, JPEG Playback - Progressive Scan",Toshiba,$39.36
Panasonic KX-TG4323B 5.8 GHz Expandable Digital Cordless Phone,1 x Phone Line(s) - Black,Panasonic,
Panasonic KX-TG4324B 5.8 GHz Expandable Digital Cordless Phone,1 x Phone Line(s) - Black,Panasonic,$78.33
Panasonic KX-TGA630S Cordless Handset,Silver Pearl - Wall-mountable,Panasonic,$28.34
Samsung TR72B TV Stand,Glass - Black,Samsung,$232.14
Logitech Cordless Desktop MX 5500 Revolution Keyboard and Mouse - 920-000383,Logitech Cordless Desktop MX 5500 Revolution,Logitech,
Speck Products SeeThru Case for Apple iMac LCD - IM20-AQU-SEE,Aqua,Speck Products,
Panasonic Palmcorder SDR-H40 Digital Camcorder,"Panasonic SDR-H40 40GB Hard Disk Drive/SD Hybrid Camcorder with 42x Optical Zoom, Optical Image Stabilization, One-Touch DVD Copy, and Anti-Shock Shield",Panasonic,$328.88
Elgato EyeTV 250 Plus TV Tuner - 10020780,Elgato EyeTV 250 Plus Video Converter and TV Tuner for Analog and HDTV Reception,ELGATO SYSTEMS,
Elgato EyeTV Hybrid Analog/Digital TV Tuner Stick - 10020630,Elgato EyeTV Hybrid TV Tuner Stick for Analog and HDTV Reception - USB,ELGATO SYSTEMS,
Nikon Coolpix S550 Digital Camera - Plum - 26110,10 Megapixel - 16:9 - 4x Digital Zoom - 2.5' Active Matrix TFT Color LCD,Nikon,
Nikon Coolpix S550 Digital Camera - Graphite Black - 26108,10 Megapixel - 16:9 - 4x Digital Zoom - 2.5' Active Matrix TFT Color LCD,Nikon,$168.72
Nikon Coolpix S210 Digital Camera - Plum - 26103,"Nikon COOLPIX S210 8 Megapixel Digital Camera with 3x Optical Zoom-NIKKOR, ISO2000, 2.5' LCD & VR Image Stabilization - Plum",Nikon,$118.72
Nikon Coolpix S550 Digital Camera - Cool Blue - 26109,10 Megapixel - 16:9 - 4x Digital Zoom - 2.5' Active Matrix TFT Color LCD,Nikon,$169.95
Canon PowerShot A590 IS Digital Camera - 2462B001,"Canon PowerShot A590 IS 8 Megapixels, 4x Optical Zoom, 2.5' LCD, ISO 1600 Digital Camera",Canon,
Canon PowerShot SD1100 IS Digital ELPH Camera - Swing Silver - 2508B001,"Canon PowerShot SD1100 IS 8 Megapixels, ISO 1600, 3x Optical Zoom Digital Camera - Swing Silver",Canon,
Canon PowerShot SD1100 IS Digital ELPH Camera - Melody Pink - 2509B001,"Canon PowerShot SD1100 IS 8 Megapixels, ISO 1600, 3x Optical Zoom Digital Camera - Pink Melody",Canon,
Canon PowerShot SD1100 IS Digital ELPH Camera - Rhythm & Blue - 2512B001,"Canon PowerShot SD1100 IS 8 Megapixels, ISO 1600, 3x Optical Zoom Digital Camera - Rhythm & Blue",Canon,
Toshiba D-R410 DVD Player/Recorder,Toshiba D-R410 - DVD Recorder w/ 1080p Upconversion,Toshiba,
Toshiba D-VR610 DVD VCR Combo,Toshiba D-VR610 - DVD Recorder/VCR Combo,Toshiba,
Toshiba D-R560 DVD Player/Recorder,Toshiba D-R560 - DVD Recorder w/ Built in Digital Tuner,Toshiba,
Toshiba D-VR660 DVD/VCR Combo,Toshiba D-VR660 DVD Recorder/VCR Combo w/ Built-In Digital Tuner,Toshiba,
Toshiba SD-6100 DVD Player,Toshiba SD-6100 - DVD Player w/ 1080p Upconversion,Toshiba,
Canon PIXMA MX850 Multifunction Photo Printer - 2436B002,Canon PIXMA MX850 Office All-In-One Printer,Canon,
Sharp AQUOS LC-32D64U 32' LCD TV,"32' - Active Matrix TFT - ATSC, NTSC - 135 Channels - 1920 x 1080 - HDTV",Sharp,
Sony Handycam HDR-SR11 High Definition Digital Camcorder - HDRSR11,16:9 - 3.2' Color LCD,Sony,$666.41
Plantronics .Audio 920 Wireless Earset - 78592-01,PLANTRONICS 920 .AUDIO DIGITAL USB PC HEADSET,Plantronics,
Panasonic Viera TH-50PX80U 50' Plasma TV,"50' - ATSC, NTSC - 16:9 - 1366 x 768 - Surround - HDTV",Panasonic,
Panasonic Viera TH-42PZ85U 42' Plasma TV,"42' - ATSC, NTSC - 16:9 - 1920 x 1080 - Surround - HDTV",Panasonic,
Panasonic VIERA TH-50PZ85U 50' Plasma TV,"50' - ATSC, NTSC - 16:9 - 1920 x 1080 - HDTV",Panasonic,"$1,499.00"
Panasonic Viera TH-46PZ85U 46' Plasma TV,"46' - ATSC, NTSC - 16:9 - 1920 x 1080 - Surround - HDTV",Panasonic,"$1,149.99"
Panasonic Viera TH-50PZ80U 50' Plasma TV,"50' - ATSC, NTSC - 16:9 - 1920 x 1080 - Surround - HDTV",Panasonic,"$1,364.96"
Panasonic Viera TH-46PZ80U 46' Plasma TV,"46' - ATSC, NTSC - 16:9 - 1920 x 1080 - Surround - HDTV",Panasonic,"$1,249.94"
Panasonic Viera TH-42PX80U 42' Plasma TV,"42' - ATSC, NTSC - 16:9 - 1024 x 768 - Surround - HDTV",Panasonic,$749.00
Sony RDRVXD655 DVD/VCR Combo,"S-VHS, VHS, DVD+RW, DVD-RW, DVD+R, DVD-R, DVD-RAM, CD-RW - DVD Video, Video CD, SVCD, CD-DA, JPEG, MP3, SQPB Playback - 1 Disc(s) - Progressive Scan - 14.46Hour Recording",Sony,$261.96
polkaudio PSW Series PSW110 Powered Subwoofer,Woofer - Cable,Polk Audio,$249.95
Panasonic Lithium Ion Camcorder Battery - VW-VBG130,Lithium Ion (Li-Ion) - 7.2V DC - Photo Battery,Panasonic,$56.69
Bose Lifestyle 48 Home Theater System - 43479,"DVD Player, 5.1 Speakers - Progressive Scan - White",BOSE,"$3,999.00"
OmniMount Ultra Low Profile ULPT-L Flat Panel Wall Mount - ULPT-L A,200 lb - Anthracite,"OMNIMOUNT SYSTEMS, INC",$278.95
Sony HESV1000 Blu-ray Player/Recorder,"DVD+RW, DVD-RW, BD-RE, CD-RW, xD-Picture Card, CompactFlash (CF), Secure Digital (SD), Mini Secure Digital (miniSD), Memory Stick, Memory Stick Duo, Memory Stick PRO - BD Video, DVD Video, JPEG, MP3, CD-DA, MPE",Sony,
Denon DVD-2500BTCI Blu-ray Disc Player,"BD-R, DVD-RW, CD-RW, Secure Digital (SD), Mini Secure Digital (miniSD) - BD Video, DVD Video, CD-DA, MP3, WMA, JPEG, DivX 6, LPCM Playback - Progressive Scan",Denon,$655.97
Sony Cyber-shot DSC-W120 Digital Camera - Pink - DSCW120/P,16:9 - 2x Digital Zoom - 2.5' Active Matrix TFT Color LCD,Sony,$109.99
Sony Cyber-shot DSC-T300 Digital Camera - Black - DSCT300/B,10.1 Megapixel - 16:9 - 2x Digital Zoom - 3.5' Active Matrix TFT Color LCD,Sony,$273.95
Sharp AQUOS LC-52SE94U 52' LCD TV,"52' - Active Matrix TFT - ATSC, NTSC - 16:9 - 1920 x 1080 - HDTV",Sharp,"$2,049.99"
Sony Handycam DCR-HC52 Digital Camcorder - DCRHC52,16:9 - 2.5' Color LCD,Sony,$229.00
Sony Handycam DCR-SR45 Digital Camcorder - DCRSR45,16:9 - 2.7' Hybrid LCD,Sony,$304.99
Sony Handycam DCR-SR85 Digital Camcorder - DCRSR85,16:9 - 2.7' Hybrid LCD,Sony,$375.80
Sony Handycam HDR-SR10 High Definition Digital Camcorder - HDRSR10,16:9 - 2.7' Hybrid LCD,Sony,$549.00
Sony Handycam HDR-SR12 High Definition Digital Camcorder - HDRSR12,16:9 - 3.2' Color LCD,Sony,$869.00
Sony Handycam HDR-HC9 High Definition Digital Camcorder - HDRHC9,16:9 - 2.7' Color LCD,Sony,$824.95
Sony alpha DSLR-A200 Digital SLR Camera with Dual Lens Kit - DSLRA200W,10.2 Megapixel - 2.7' Active Matrix TFT Color LCD,Sony DSLR,$699.00
Canon BP-808 Lithium Ion Camcorder Battery Pack - 2740B002,Lithium Ion (Li-Ion) - Photo Battery,Canon,$51.84
Panasonic Lumix DMC-TZ5 Digital Camera - Black,"Panasonic Lumix DMC-TZ5K 9 Megapixel Digital Camera with 28mm Wide-Angle Lens, 10x Optical Zoom, 3' LCD and HD Output - Black",Panasonic,
Sony LCS-X20 Camcorder Case - LCSX20,"Nylon, Polyamide - Black",Sony,
Sony alpha DSLR-A300 Digital SLR Camera with 18-70mm Zoom Lens - Black - DSLRA300K,10.2 Megapixel - 3.9x Optical Zoom - 2.7' Active Matrix TFT Color LCD,Sony,$599.00
Sony alpha DSLR-A350 Digital SLR Camera - DSLRA350,14.2 Megapixel - 16:9 - 2.7' Active Matrix TFT Color LCD,Sony DSLR,$594.73
Sony alpha DSLR-A350K Digital SLR Camera with 18-70mm Zoom Lens - Black - DSLRA350K,14.2 Megapixel - 3.9x Optical Zoom - 2.7' Active Matrix TFT Color LCD,Sony,$686.24
Sharp AQUOS LC-37D64U 37' LCD TV,"37' - Active Matrix TFT - NTSC, ATSC - 16:9 - 1920 x 1080 - HDTV",Sharp,$880.72
Toshiba SD-P101S Portable DVD Player - SDP101S,Toshiba SD-P101S - 10.2' Portable DVD Player - DiVx Compatible,Toshiba,
Panasonic DVD-LS83 Portable DVD Player,"8.5' LCD - DVD+RW, DVD-RW, DVD-RAM, DVD+R, DVD-R, CD-RW - DVD Video, CD-DA, MP3, JPEG, MPEG-4, DivX, WMA, Video CD, SVCD, HighMAT Playback",Panasonic,$148.69
Panasonic DVD-LS86 Portable DVD Player,"8.5' LCD - DVD+RW, DVD-RW, DVD-RAM, DVD-R, DVD+R, CD-RW - CD-DA, MP3, WMA, JPEG, MPEG-4, DivX, Video CD, SVCD, HighMAT, DVD Video Playback",Panasonic,$164.12
Panasonic DMR-EA18K DVD Player/Recorder,"DVD+RW, DVD-RW, DVD-RAM, DVD-R, DVD+R, CD-RW, Secure Digital (SD) - DVD Video, CD-DA, MP3, JPEG, DivX, MPEG-2, PCM Playback - Progressive Scan - 14.33Hour Recording",Panasonic,
Panasonic DMR-EZ28K DVD Player/Recorder,"DVD+RW, DVD-RW, DVD-RAM, DVD+R, DVD-R, CD-RW, Secure Digital (SD) - DVD Video, CD-DA, MP3, JPEG, DivX, PCM, MPEG-2 Playback - Progressive Scan - 14.33Hour Recording",Panasonic,
Panasonic DMR-EA38VK DVD/VCR Combo,"DVD+RW, DVD-RW, DVD-RAM, DVD-R, DVD+R, CD-RW, VHS, Secure Digital (SD) Card - DVD Video, CD-DA, MP3, JPEG, DivX, SQPB, MPEG-2, PCM Playback - Progressive Scan - 14.33Hour Recording",Panasonic,
Panasonic DMR-EZ48VK DVD/VCR Combo,"DVD+RW, DVD-RW, DVD-RAM, DVD+R, DVD-R, CD-RW, VHS, Secure Digital (SD) Card - DVD Video, CD-DA, MP3, JPEG, DivX, SQPB, PCM, MPEG-2 Playback - Progressive Scan - 14.33Hour Recording",Panasonic,
Toshiba 19AV500U 19' LCD TV,Toshiba 19AV500U - 19' 720p LCD HDTV w/ Built-in NTSC/ATSC Tuner - Piano Black,Toshiba,
Toshiba 22AV500U 22' LCD TV,Toshiba 22AV500U - 22' 720p LCD HDTV w/ Built-in NTSC/ATSC Tuner - Piano Black,Toshiba,$338.99
Yamaha Outdoor NS-AW390 All-Weather Speaker System - NS-AW390WH,2-way Speaker - Cable - White,Yamaha,$79.96
Yamaha Outdoor NS-AW390 All-Weather Speaker System - NS-AW390BL,2-way Speaker - Cable - Black,Yamaha,$78.89
Yamaha NS-AW190 All-Weather Speaker System - NS-AW190BL,2-way Speaker - Cable - Black,Yamaha,$51.72
Samsung NV30 Digital Camera - Silver - EC-NV30ZSBA/US,"Samsung NV30 8 Megapixel Digital Camera with Schneider Lens, Dual Image Stabilization, Smart Touch, and Face Detection - Silver",Samsung,$139.00
Panasonic Lumix DMC-TZ5 Digital Camera - Silver,"Panasonic Lumix DMC-TZ5S 9 Megapixel Digital Camera with 28mm Wide-Angle Lens, 10x Optical Zoom, 3' LCD and HD Output - Silver",Panasonic,
Panasonic Lumix DMC-FS3 Digital Camera - Silver,"Panasonic DMC-FS3S 8 Megapixel Compact Digital Camera with 33mm Lens, 3x Optical Zoom, Intelligent Auto Mode and 2.5' Diagonal Intelligent LCD - Silver",Panasonic,$137.33
Sony VAIO USB Docking Station - VGPUPR1,"4 x USB, 1 x Network, 1 x VGA, 1 x DVI-D, 1 x Microphone, 1 x Headphone, 1 x DC-in",Sony,$142.95
Nikon D60 Digital SLR Camera with AF-S DX Nikkor 18-55mm f/3.5-5.6G VR Lens - 25438,Nikon D60 10 Megapixel Digital SLR Camera with AF-S DX Nikkor 18-55mm f/3.5-5.6G VR Lens - 3x Optical Zoom - 2.5' Active Matrix TFT Color LCD,Nikon,
Panasonic VIERA TC-26LX85 26' LCD TV,"26' - ATSC, NTSC - 16:9 - 1366 x 768 - HDTV",Panasonic,$547.92
Panasonic VIERA TC-32LZ800 32' LCD TV,32' - 16:9 - 1920 x 1080,Panasonic,
Panasonic VIERA TC-37LZ85 37' LCD TV,"37' - ATSC, NTSC - 16:9 - 1920 x 1080 - HDTV",Panasonic,$799.11
Peerless PP730 Universal Pivot Wall Arm,25 lb - Black,Peerless,
Sony LCS-MX100 Camcorder Case - LCSMX100,Nylon - Black,Sony,$32.78
Sony Camcorder Case - LCSX30,"Nylon, Polyester",Sony,
Sony VCT-60AV Tripod - VCT60AV,Floor Standing Tripod - 18.9' to 57.6' Height - 6.6 lb Load Capacity,Sony,$69.95
Sony VCT-80AV Tripod - VCT80AV,Floor Standing Tripod - 24.8' to 65.75' Height - 8.8 lb Load Capacity,Sony,
Panasonic Lumix DMC-FS3 Digital Camera - Blue,"Panasonic DMC-FS3A 8 Megapixel Compact Digital Camera with 33mm Lens, 3x Optical Zoom, Intelligent Auto Mode and 2.5' Diagonal Intelligent LCD - Blue",Panasonic,
Sony 16GB Memory Stick PRO Duo Card (Mark 2) - MSMT16G,16 GB,Sony,$110.99
Garmin nvi 205 Automobile Navigator - 010-00717-40,Garmin nuvi 205 Automobile Navigator - 3.5' Active Matrix TFT Color LCD,Garmin,
Garmin nvi 255W Automobile Navigator - 010-00718-20,"Garmin nuvi 255W 4.3' GPS w/ Text To Speech, Where Am I?",Garmin,$204.99
Garmin nvi 205W Automobile Navigator - 010-00718-40,Garmin nuvi 205W Portable GPS System w/ Preloaded Maps,Garmin,$162.99
Panasonic KX-TG4321B 5.8 GHz Expandable Digital Cordless Phone,1 x Phone Line(s) - Black,Panasonic,
Samsung L200 Digital Camera - Black - EC-L200ZBBA/US,"Samsung L200 10 Megapixel Digital Camera with 2.5 LCD, 3x Optical Zoom, Digital Image Stabilization, Face Detection Function - Black",Samsung,$119.00
Sony Cyber-shot DSC-H10 Digital Camera - Black - DSCH10/B,8.1 Megapixel - 16:9 - 2x Digital Zoom - 3' Active Matrix TFT Color LCD,Sony,$213.72
Sony Cyber-shot DSC-W120 Digital Camera - Silver - DSCW120,16:9 - 2x Digital Zoom - 2.5' Active Matrix TFT Color LCD,Sony,$106.42
Panasonic KX-TG9361B Expandable Digital Cordless Phone,1 x Phone Line(s) - Black,Panasonic,$45.04
Panasonic KX-TG9372B Expandable Digital Cordless Phone,1 x Phone Line(s) - Black,Panasonic,$86.54
Panasonic KX-TG9344T Expandable Digital Cordless Phone,1 x Phone Line(s),Panasonic,$116.21
Panasonic KX-TG9343T Cordless Phone,Panasonic KX-TG9343T DECT 6.0 Expandable Digital Cordless Answering System w/3 Handsets,Panasonic,$102.12
Panasonic KX-TG9342T Cordless Phone,"1 x Phone Line(s) - Black, Metallic",Panasonic,
Panasonic KX-TG9341T Cordless Phone,"1 x Phone Line(s) - Black, Metallic",Panasonic,
Panasonic KX-TG9332S DECT 6.0 Expandable Digital Cordless Phone,1 x Phone Line(s) - Silver,Panasonic,
Panasonic KX-TG9333T Cordless Phone - KX-TG9333T,Panasonic DECT 6.0 1.9GHz Expandable Cordless Phone with Digital Answering System,Panasonic,
Panasonic KX-TG9332T Cordless Phone,"1 x Phone Line(s) - Black, Metallic",Panasonic,
Panasonic KX-TG9348T Expandable Digital Cordless Phone,1 x Phone Line(s) - Metallic Black,Panasonic,
Olympus EVOLT E-420 Digital SLR Camera With 14 - 42mm f/3.5-f/5.6 Zuiko Digital Zoom Lens - Black - 262081,"Olympus EVOLT E-420 10 Megapixel Digital SLR Camera with 14-42MM Outfit, Autofocus, Live View, Face Detection & Dust Reduction",Olympus,$403.72
Apple Time Capsule Network Hard Drive - MB277LL/A,1TB - Type A USB,Apple,$439.00
Samsung LN46A650 46' LCD TV,"Samsung LN46A650 - 46' 1080p LCD HDTV - 50,000:1 Dynamic Contrast Ratio - 120Hz - 4ms Response Time",Samsung,"$1,599.98"
Samsung LN40A550 40' LCD TV,"Samsung LN40A550 - 40' Widescreen 1080p LCD HDTV - 30,000:1 Dynamic Contrast Ratio - 5ms Response Time - Piano Black",Samsung,$910.99
Panasonic Palmcorder SDR-H60 Digital Camcorder - SDR-H60S,"Panasonic SDR-H60 60GB Hard Disk Drive/SD Hybrid Camcorder with 50x Optical Zoom, Advanced Optical Image Stabilization, One-Touch DVD Copy, Anti-Shock Shield and One-Touch Navigation, Records to Internal Hard Drive or SD Card",Panasonic,
Samsung LN52A650 52' LCD TV,"Samsung LN52A650 - 52' 1080p LCD HDTV - 50,000:1 Dynamic Contrast Ratio - 120Hz - 4ms Response Time",Samsung,"$1,895.00"
Samsung HT-Z510 Home Theater System,"DVD Player, 5.1 Speakers - 5 Disc(s) - Progressive Scan - 1200W RMS - Dolby Digital, Dolby Pro Logic II, DTS",Samsung,$321.55
Samsung PN50A450 50' Plasma TV,"Samsung PN50A450 - 50' Widescreen 720p Plasma HDTV - 1,000,000:1 Dynamic Contrast Ratio - Piano Black",Samsung,$995.00
Canon PowerShot SD790 IS Digital Camera - 2554B001,"Canon PowerShot SD790 IS 10 Megapixel Digital Camera with 3x Optical Zoom, 3' LCD, & PictBridge",Canon,
Canon PowerShot SD890 IS Digital Camera - 2566B001,"Canon PowerShot SD890 IS 10 Megapixel, 5x Optical Zoom, 2.5' LCD, UA Lens Digital Camera",Canon,$198.00
Canon EF-S 55-250mm f/4-5.6 IS Telephoto Zoom Lens - 2044B002,55mm to 250mm - f/4 to 5.6,Canon,$232.98
Samsung LN46A550 46' LCD TV,"Samsung LN46A550 - 46' Widescreen 1080p LCD HDTV - 30,000:1 Dynamic Contrast Ratio - 5ms Response Time - Piano Black",Samsung,"$1,143.99"
Samsung PN58A550 58' Plasma TV,"Samsung PN58A550 - 58' Widescreen 1080p Plasma HDTV - 1,000,000:1 Dynamic Contrast Ratio - Piano Black",Samsung,"$2,294.90"
Canon EOS Rebel XSi Digital SLR Camera with EF-S 18-55mm f/3.5-5.6 IS Lens - Silver - 2757B003,Canon EOS Rebel XSi 12 Megapixel Digital SLR Camera with 18-55mm IS Lens - Silver,Canon,$649.88
Canon EOS Rebel XSi Digital SLR Camera with EF-S 18-55mm f/3.5-5.6 IS Lens - Black - 2756B003,Canon EOS Rebel XSi 12 Megapixel Digital SLR Camera with 18-55mm IS Lens - Black,Canon,$649.88
Samsung 4 Series LN37A450 37' LCD TV,"Samsung LN37A450 - 37' Widescreen 720p LCD HDTV - 10,000:1 Dynamic Contrast Ratio - 6ms Response Time - Piano Black",Samsung,$796.82
Toshiba SD-P71S Portable DVD Player,Toshiba SD-P71S - 7' Portable DVD Player,Toshiba,$119.36
Toshiba SD-P91S Portable DVD Player,Toshiba SD-P91S - 9' Portable DVD Player,Toshiba,$164.72
Samsung LN40A650 40' LCD TV,"Samsung LN40A650 - 40' 1080p LCD HDTV - 50,000:1 Dynamic Contrast Ratio - 120Hz - 4ms Response Time",Samsung,"$1,279.98"
Samsung 5 Series LN37A550 37' LCD TV,"Samsung LN37A550 - 37' Widescreen 1080p LCD HDTV - 15,000:1 Dynamic Contrast Ratio - 5ms Response Time - Piano Black",Samsung,$944.00
Samsung PN50A550 50' Plasma TV,"Samsung PN50A550 - 50' Widescreen 1080p Plasma HDTV - 1,000,000:1 Dynamic Contrast Ratio - Piano Black",Samsung,"$1,499.98"
Sony 8GB Memory Stick PRO Duo Card - MSMT8G,8 GB,Sony,$49.85
Sony 1GB Memory Stick PRO Duo Card - MSMT1G,1 GB,Sony,$13.41
Sony 4GB Memory Stick PRO Duo Card - MSMT4G,4 GB,Sony,$26.92
Sony 2GB Memory Stick PRO Duo Card - MSMT2G,2 GB,Sony,$15.99
Yamaha RX-V663 Home Theater Receiver - RXV663BL,"665W - Dolby TrueHD, Dolby Digital EX, Dolby Pro Logic IIx, Dolby Digital Plus, DTS-HD, DTS-ES, DTS 96/24, DTS Neo:6, Neural SurroundXM",Yamaha,$499.00
Samsung 4 Series LN32A450 32' LCD TV,Samsung LN32A450 - 32' Widescreen 720p LCD HDTV - 10000:1 Dynamic Contrast Ratio - 6ms Response Time - Piano Black,Samsung,$578.00
Speck Products SeeThru Case for Apple MacBook Air - MBA-PNK-SEE,Plastic - Pink,Speck Products,
Speck Products SeeThru Case for Apple MacBook Air - MBA-CLR-SEE,Plastic - Clear,Speck Products,
Logitech V450 Nano Cordless Laser Mouse For Notebooks - 910-000619,Laser,Logitech,
TOMTOM ONE 130 Carry Bag - 9UEA.017.00,Black,Tom Tom,$14.74
Samsung 4 Series LN26A450 26' LCD TV,Samsung LN26A450 - 26' Widescreen 720p LCD HDTV - 5000:1 Dynamic Contrast Ratio - 8ms Response Time - Piano Black,Samsung,$549.00
Coby Electronics TF-TV1022 10.2' LCD TV - TFTV1022,"10.2' - Active Matrix TFT - ATSC, NTSC - 16:9 - 800 x 480 - HDTV",Coby,$119.99
Logitech V470 Cordless Laser Mouse for Notebooks - 910-000692,Laser,Logitech,
Yamaha RX-V863 Home Theater Receiver - RXV863BL,"735W - Dolby TrueHD, Dolby Digital EX, Dolby Pro Logic IIx, Dolby Digital Plus, DTS-HD, DTS-ES, DTS 96/24, DTS Neo:6, Neural SurroundXM",Yamaha,$649.99
Samsung 4 Series LN22A451 22' LCD TV,"Samsung LN22A451 - 22' Widescreen LCD HDTV - 3,000:1 Dynamic Contrast Ratio - 8ms Response Time - White",Samsung,$399.00
Sharp LC26DV24U 26' TV/DVD Combo,Sharp LC-26DV24U - 26' Widescreen TV/DVD Combo HDTV - 800:1 Contrast Ratio - 8ms Response Time - Piano Black,Sharp,$508.72
Sanus VisionMount LT25-B1 Tilting Wall Mount,175 lb - Black,Sanus,
Samsung 6 Series HL56A650 56' Projection TV,Samsung HL56A650 - 56' Widescreen 1080p DLP HDTV w/ Built in NTSC/ATSC Tuner - Piano Black,Samsung,"$1,079.96"
Samsung 6 Series HL61A650 61' Projection TV,Samsung HL61A650 - 61' Widescreen 1080p DLP HDTV w/ Built in NTSC/ATSC Tuner - Piano Black,Samsung,"$1,076.94"
Samsung HTZ410T Home Theater System - HTZ410T,Samsung HT-Z410T 5 Disc Home Theater Surround Sound System with HDMI and DivX Playback,Samsung,$279.00
Samsung LN19A450 19' LCD TV,Samsung LN19A450 - 19' Widescreen 720p LCD HDTV - 3000:1 Dynamic Contrast Ratio - 8ms Response Time - Piano Black,Samsung,$348.00
Samsung 6 Series LN19A650 19' LCD TV,"Samsung LN19A650 - 19' Widescreen LCD HDTV - 3,000:1 Dynamic Contrast Ratio - 8ms Response Time",Samsung,$369.00
Samsung 4 Series LN22A450 22' LCD TV,Samsung LN22A450 - 22' Widescreen 720p LCD HDTV - 3000:1 Dynamic Contrast Ratio - 8ms Response Time - Piano Black,Samsung,$397.77
Samsung LN22A650 22' LCD TV,"Samsung LN22A650 - 22' Widescreen LCD HDTV - 3,000:1 Contrast Ratio - 8ms Response Time",Samsung,$458.00
Samsung LN32A550 32' LCD TV,"Samsung LN32A550 - 32' Widescreen 1080p LCD HDTV - 15,000:1 Dynamic Contrast Ratio - 5ms Response Time - Piano Black",Samsung,$849.00
Samsung HT-TZ515 Home Theater System - HTZ515/XAA,SAMSUNG 5 DVD HM THEATER WI-FI XM READY NIC,Samsung,
Techcraft ABS60 TV Stand,Wood - Black,Techcraft,
Sony DVP-FX820 Portable DVD Player - DVPFX820,"8' LCD - DVD+RW, DVD-RW, DVD+R, DVD-R, CD-RW - DVD Video, CD-DA, MP3, JPEG Playback - 1 Disc(s) - Black",Sony,$158.72
Sony PSLX300USB USB Record Turntable,Belt Drive,Sony,$119.72
Yamaha RX-V363 Home Theater Receiver - RXV363BL,"500W - Dolby Digital, Dolby Pro Logic II, DTS",Yamaha,$199.00
Apple Wireless Mighty Mouse - MB111LL/A,Laser - 4 x Button,Apple,$69.00
Samsung 7 Series LN46A750 46' LCD TV - LN46A750R1FXZA,"Samsung LN46A750 - 46' 1080p LCD HDTV - 50,000:1 Dynamic Contrast Ratio - 6ms Response Time - 120Hz",Samsung,"$1,537.77"
Griffin TuneBuds Stereo Earset - 9410-TUNBMBLB,Ear-bud,Griffin,$19.53
Panasonic SC-PT660 Home Theater System,"DVD Player, 5.1 Speakers - 5 Disc(s) - Progressive Scan - 1000W RMS - Dolby Digital, DTS, Dolby Pro Logic",Panasonic,
Panasonic SC-PT760 Home Theater System,Panasonic SC-PT760 Premium Sound DVD Home Theater System with Kelton Subwoofer,Panasonic,$319.97
Griffin SmartTalk Headphone Adapter with Control and Mic for iPhone - 3016-SMRTLKB,30',Griffin,
Samsung 6 Series LN32A650 32' LCD TV,"Samsung LN32A650 - 32' 1080p LCD HDTV - 50,000:1 Dynamic Contrast Ratio - 4ms Response Time",Samsung,$916.13
Sony STR-DG520 A/V Receiver - STRDG520,"Dolby Digital, Dolby Pro Logic II, Digital Cinema Sound, DTS",Sony,$164.51
Sony STR-DG720 A/V Receiver - STRDG720,"Dolby Digital, Dolby Pro Logic II, DTS 96/24, DTS Neo:6, Dolby Digital EX, Dolby Pro Logic IIx, Dolby Pro Logic, DTS-ES, Digital Cinema Sound, DTS",Sony,$224.79
Sony DVP-NS700H/B DVD Player,"DVD-RW, DVD+RW, DVD-R, DVD+R, CD-RW - DVD Video, CD-DA, MP3, JPEG, SVCD, Video CD Playback - 1 Disc(s) - Progressive Scan - Black",Sony,
Panasonic KX-TG6313S Cordless Phone,1 x Phone Line(s) - Silver,Panasonic,
Samsung DVD-1080P8 DVD Player,"DVD+RW, DVD-RW, CD-RW - DVD Video, JPEG, MP3, WMA, MPEG-4, DVD Audio, Video CD, CD-DA, DivX Playback - Progressive Scan",Samsung,$72.11
Nikon Coolpix P80 Digital Camera - 26114,"Nikon COOLPIX P80 10 Megapixel Digital Camera with 18x Optical Wide-Angle Zoom, 2.7' High-Resolution LCD, Vibration Reduction Image Stabiliation & up to an ISO6400",Nikon,$271.72
OmniMount Moda Collection Echo 50 TV Stand - ECHO 50,OmniMount Echo 50 Moda Collection TV Table Stand for up to 50' TVs - Espresso,"OMNIMOUNT SYSTEMS, INC",
Onkyo TXSR506 A/V Receiver,"Dolby Digital, Dolby Pro Logic IIx, Dolby Digital EX, DTS, DTS-ES, DTS 96/24, DTS Neo:6FM, AM",Onkyo,$227.72
Sony Cyber-shot DSC-H50 Digital Camera - Black - DSCH50B,9.1 Megapixel - 16:9 - 2x Digital Zoom - 3' Active Matrix TFT Color LCD,Sony,$329.00
Samsung SC-D382 Digital Camcorder,Samsung SC-D382 Mini DV Camcorder,Samsung,$128.96
Samsung HTX810T Home Theater System - HTX810T,Samsung HT-X810 2.1 Soundbar Home Theater System,Samsung,$580.14
Canon EOS Rebel XSi Digital SLR Camera - Silver - 2757B001,12.2 Megapixel - 3' Active Matrix TFT Color LCD,Canon,
ALPINE CDA-9887 Car Audio Player - CDA9887,"CD-R, CD-RW - CD-DA, MP3, WMA, AAC - 4 - 200W - FM, AM",Alpine,$295.00
Pioneer DEHP400UB Car Audio Player,"CD-RW - CD-Text, MP3, WMA, WAV, AAC - 4 - 200W - FM, AM",Pioneer,$134.32
Pioneer DEH-P3000IB Car Audio Player,"CD-RW - CD-Text, MP3, WMA, WAV, AAC - 4 - 200W - FM, AM",Pioneer,$92.72
Yamaha YHT-390BL Home Theater System - YHT-390bl,", 5.1 Speakers - Progressive Scan - 600W RMS - Black",Yamaha,$319.96
Z-Line Designs ZL23-44MU Portland Flat Panel TV Stand with Integrated Mount,"Metal, Glass - Black, Chrome",Z-LINE DESIGNS,$254.37
Pioneer PDP-5020FD 50' Plasma TV,Pioneer KURO PDP-5020FD - 50' 1080p Plasma HDTV,PIONEER ELECTRONICS USA,"$2,199.98"
Pioneer Direct Control Cable - CD-IU230V,"1 x Proprietary - 1 x Type A USB, 3 x RCA",Pioneer,$41.44
Pioneer DEH-2000MP Car Audio Player,"CD-RW - CD-Text, MP3, WMA, WAV - LCD - 4 - 200W - FM, AM",Pioneer,$84.00
Pioneer PDP-6020FD 60' Plasma TV,Pioneer KURO PDP-6020FD - 60' 1080p Plasma HDTV,PIONEER ELECTRONICS USA,
Sony DVP-NC800H/B DVD Player,"DVD+RW, DVD-RW, DVD+R, DVD-R, CD-RW - DVD Video, CD-DA, MP3, JPEG, SVCD, Video CD Playback - 5 Disc(s) - Progressive Scan - Black",Sony,
ALPINE MRP-F300 Car Amplifier,4 Channel(s) - Class AB - 100dB SNR,Alpine,
Pioneer DEHP500UB Car Audio Player,"CD-RW - CD-Text, MP3, WMA, WAV, AAC - 4 - 200W - FM, AM",Pioneer,$153.64
Panasonic SC-BT100 Home Theater System - SC-BT100P-K,"BD Player, 5.1 Speakers - 1 Disc(s) - Progressive Scan - 1250W RMS - Dolby Digital, Dolby TrueHD, Dolby Digital Plus, DTS-HD, DTS",Panasonic,
Panasonic SC-PT960 Home Theater System,"Panasonic SC-PT960 5-Disc DVD Home Theater System with Kelton Subwoofer, 1080p Up-Conversion, Integrated Universal Dock for iPod, 2 Tower Speakers, Wireless Rear Speaker and VIERA Link",Panasonic,$349.99
Sony BRAVIA DAV-HDX275 Home Theater System,", 5.1 Speakers - 5 Disc(s) - Progressive Scan - 1000W RMS - Dolby Pro Logic II",Sony,
Sony BRAVIA DAV-HDX279WC Home Theater System,"DVD Player, 6.1 Speakers - 5 Disc(s) - Progressive Scan - Dolby Digital, DTS, Dolby Pro Logic II - Black",Sony,$318.01
Sony DVP-FX820/L Portable DVD Player - DVPFX820/L,"8' LCD - DVD+R, DVD+RW, DVD-RW, DVD-R, CD-RW - JPEG, MP3, DVD Video Playback - 1 Disc(s) - Blue",Sony,$131.54
Sony DVP-FX820/R Portable DVD Player - DVPFX820/R,"8' LCD - DVD+RW, DVD-RW, DVD+R, DVD-R, CD-RW - DVD Video, CD-DA, MP3, JPEG Playback - 1 Disc(s) - Red",Sony,$159.94
Sony DVP-NS700H/S DVD Player - DVPNS700HS,"DVD+RW, DVD-RW, DVD+R, DVD-R, CD-RW - DVD Video, CD-DA, MP3, JPEG, SVCD, Video CD Playback - 1 Disc(s) - Progressive Scan - Silver",Sony,$111.68
Sony Cyber-shot DSC-W150 Digital Camera - Gold - DSCW150N,8.1 Megapixel - 16:9 - 2x Digital Zoom - 2.7' Active Matrix TFT Color LCD,Sony,$129.99
Sony Cyber-shot DSC-W150 Digital Camera - Red - DSCW150R,8.1 Megapixel - 16:9 - 2x Digital Zoom - 2.7' Active Matrix TFT Color LCD,Sony,$139.94
Sony Cyber-shot DSC-W170 Digital Camera - Red - DSCW170R,10.1 Megapixel - 16:9 - 2x Digital Zoom - 2.7' Active Matrix TFT Color LCD,Sony,$169.00
Denon DHT-FS5 Surround Sound Speaker System,5.1-channel,Denon,
Logitech QuickCam Vision Pro Webcam - 960-000254,for Mac,Logitech,
Pure Digital Flip Mino Digital Camcorder - F360B,Flip Video Mino 60 min Black,Pure Digital Technol,
Pure Digital Flip Mino Digital Camcorder - F360W,Flip Video Mino 60 min White,Pure Digital Technol,
Boston Acoustics Horizon Duo-i AM/FM Stereo Radio - HDUOIMDNT,"5 x AM, 10 x FM",Boston Acoustics,$135.52
Samsung YP-S2ZW 1GB Flash MP3 Player - YP-S2ZW/XAA,1GB Flash Memory - White,Samsung,$29.67
Samsung YP-S2ZW 1GB Flash MP3 Player - YP-S2ZG/XAA,1GB Flash Memory - Green,Samsung,$29.67
Canon SELPHY CP760 Dye Sublimation Printer - 2565B001,Canon SELPHY CP760 Compact Photo Printer,Canon,$90.10
Speck Products SeeThru Case for Apple 13' MacBook - MB13-BLK-SEE-V2,Plastic - Black,Speck Products,
Speck Products SeeThru Case for Apple 15' MacBook Pro - MB15-CLR-SEE-V2,Plastic - Clear,Speck Products,
Speck Products SeeThru Case for Apple 15' MacBook Pro - MB15-PNK-SEE-V2,Plastic - Pink,Speck Products,
Speck Products SeeThru Case for Apple 13' MacBook - MB13-CLR-SEE-V2,Plastic - Clear,Speck Products,
Speck Products SeeThru Case for Apple 13' MacBook - MB13-RED-SEE-V2,Plastic - Red,Speck Products,
Speck Products SeeThru Case for Apple 13' MacBook - MB13-BLU-SEE-V2,Plastic - Blue,Speck Products,
Speck Products SeeThru Case for Apple 13' MacBook - MB13-PNK-SEE-V2,Plastic - Pink,Speck Products,
Speck Products SeeThru Case for Apple 13' MacBook - MB13-GRN-SEE-V2,Plastic - Green,Speck Products,
Speck Products SeeThru Case for Apple 15' MacBook Pro - MB15-BLU-SEE-V2,Plastic - Blue,Speck Products,$34.74
Speck Products SeeThru Case for Apple 13' MacBook - MB13-ORG-SEE-V2,Plastic - Orange,Speck Products,
Speck Products SeeThru Case for Apple 13' MacBook - MB13-AQU-SEE-V2,Plastic - Aqua,Speck Products,
Speck Products SeeThru Case for Apple 15' MacBook Pro - MB15-GRN-SEE-V2,Plastic - Green,Speck Products,
Speck Products SeeThru Case for Apple 15' MacBook Pro - MB15-ORG-SEE-V2,Plastic - Orange,Speck Products,
Speck Products SeeThru Case for Apple 15' MacBook Pro - MB15-PUR-SEE-V2,Plastic - Purple,Speck Products,$31.97
Bracketron Low-Pro Windshield Mount - SWM-400-BL,Black,Bracketron,
Sony HT-DDWG700 Home Theater System - HTDDWG700,"DVD Player, 5.1 Speakers - 900W RMS - DTS, Dolby Digital, Dolby Pro Logic II",Sony,$206.96
Sony RDR-VX560 DVD/VCR Combo,"DVD-R, CD-R, VHS - DVD Video Playback - 1 Disc(s) - Black",Sony,$176.08
Transcend 4GB microSDHC Card (Class 6) - TS4GUSDHC6,4 GB,TRANSCEND INFORMATION,$6.85
Sony BRAVIA M Series KDL-26M4000 26' LCD TV - KDL26M4000,"26' - ATSC, NTSC - 16:9 - 1366 x 768 - HDTV",Sony,$538.72
Onkyo TXSR606 A/V Receiver,"Dolby Digital Plus, Dolby TrueHD, DTS-HD",Onkyo,$399.95
Mitsubishi WD-65735 65' Projection TV - WD65735,65' - DLP - 16:9 - 1920 x 1080 - Dolby,Mitsubishi,"$1,401.26"
Sony BRAVIA S Series KDL-46S4100 46' LCD TV - KDL46S4100,"46' - ATSC, NTSC - 16:9 - 1920 x 1080 - HDTV",Sony,"$1,188.65"
Sony BRAVIA KDL-32L4000 32' LCD TV - KDL32L4000,"32' - ATSC, NTSC - 16:9 - 1366 x 768 - HDTV",Sony,$597.72
Mitsubishi WD-65736 65' Projection TV - WD65736,65' - DLP - HDTV Ready,Mitsubishi,"$1,309.56"
Panasonic Viera TH-46PZ850U 46' Plasma TV - TH46PZ850U,"46' - ATSC, NTSC - 16:9 - 1920 x 1080 - HDTV",Panasonic,"$1,695.96"
Sony Cyber-shot DSC-W150 Digital Camera - Silver - DSCW150,8.1 Megapixel - 16:9 - 2x Digital Zoom - 2.7' Active Matrix TFT Color LCD,Sony,$129.99
Sony Cyber-shot DSC-W300 Digital Camera,13.6 Megapixel - 16:9 - 3x Optical Zoom - 2x Digital Zoom - 2.7' Color LCD,Sony,$289.00
ALPINE CDA-9886 Car Audio Player - CDA9886,"CD-R, CD-RW - CD-DA, MP3, WMA, AAC - 4 - 200W - FM, AM",Alpine,
Griffin Elan Form for iPhone 3G - 8223-IP2EFRMB,Griffin Elan Form iPhone 3G - Blk,Griffin,
Griffin Protective Wave Case for Smart Phone - 8227-IP2WVB,Griffin Wave iPhone 3G - Black,Griffin,
Sony Z550N/B Notebook - VGNZ550N/B,"Sony VAIO Z550N/B Intel Centrino 2 Core 2 Duo P8600 2.40GHz Notebook 3GB DDR3 SDRAM, 250GB SATA HD, 13.1' LCD, DVDR DL/DVDRW/RAM, Modem, Gigabit NIC, 802.11a/b/g/n, Sprint Mobile, Bluetooth, Vista Business SP1/XP downgrade",Sony,
Sony Z570N/B Notebook - VGNZ570N/B,"Intel Centrino 2 Core 2 Duo P9500 2.53GHz - 13.1' - 3GB DDR3 SDRAM - 320GB HDD - DVD-Writer (DVD-RAM/R/RW) - Bluetooth, Gigabit Ethernet, Wi-Fi - Windows Vista Business - Black",Sony,
Sony Z591U/B Notebook - VGNZ591U/B,"Sony VAIO Z591U/B Laptop Intel Centrino 2 Core 2 Duo P9500 2.53GHz, 4GB DDR3, 320GB SATA HDD, 13.1' LCD, BR-ROM/DVDRW, 802.11a/b/g/n, Bluetooth, Windows Vista Ultimate",Sony,"$2,849.99"
Sony BRAVIA DAV-HDX576WF Home Theater System,"DVD Player, Amplifier, 5.1 Speakers - 5 Disc(s) - Progressive Scan - 1000W RMS - Dolby Pro Logic II",Sony,$478.72
Sony HT-CT100 Home Theater System,", 3.1 Speakers - Progressive Scan - 250W RMS",Sony,$279.95
Sony DVP-FX820/P Portable DVD Player - DVPFX820/P,"8' LCD - DVD+RW, DVD-RW, DVD+R, DVD-R, CD-RW - DVD Video, CD-DA, MP3, JPEG Playback - 1 Disc(s) - Pink",Sony,$148.72
ALPINE IVA-W205 Car Video Player,"6.5' Active Matrix TFT LCD - DVD-RW, DVD+RW, CD-RW - DVD Video, DVD Audio, Video CD, CD-DA, MP3, WMA, AAC, MPEG-1, MPEG-2 - 200W FM, AM",Alpine,$689.96
Canon EOS Rebel XS Digital SLR Camera with EF-S 18-55mm 1:3.5-5.6 IS Lens - Black - 2762B003,"Canon EOS Rebel XS Digital SLR Camera with 10 Megapixel, 2.5' LCD, 3 Frames Per Sec & Live View Mode - Black",Canon,$461.96
Panasonic Viera TH-50PZ850U 50' Plasma TV,"50' - ATSC, NTSC - 16:9 - 1920 x 1080 - HDTV",Panasonic,"$2,096.99"
Sony DVPFX820 Portable DVD Player - DVPFX820/W,"8' LCD - DVD+RW, DVD-RW, DVD+R, DVD-R, CD-RW - DVD Video, MP3, JPEG Playback - 1 Disc(s) - Progressive Scan - White",Sony,$149.00
Sony Cyber-shot DSC-W150 Digital Camera - Black - DSCW150/B,8.1 Megapixel - 16:9 - 2x Digital Zoom - 2.7' Active Matrix TFT Color LCD,Sony,$129.99
Denon DVD-3800BDCI Blu-ray Disc Player - DVD3800BDCI,"BD-R, DVD-RW, CD-RW, Secure Digital (SD) - DVD Video, CD-DA, MP3, WMA, JPEG, DivX 6, PCM Playback - Progressive Scan",Denon,
Sony BRAVIA KDL32XBR6 32' LCD TV,"32' - ATSC, NTSC - 16:9 - 1920 x 1080 - Dolby, Surround - HDTV",Sony,$998.72
Mitsubishi WD-60735 60' Projection TV,60' - DLP - HDTV Ready,Mitsubishi,"$1,288.00"
Sony BRAVIA XBR Series KDL-37XBR6 37' LCD TV - KDL37XBR6,"37' - Active Matrix TFT - ATSC, NTSC, NTSC-M - 16:9 - 1920 x 1080 - Surround - HDTV - 1080i, 1080p",Sony,"$1,197.66"
Onkyo HTS5100 Home Theater System - HTS5100B,", A/V Receiver, 7.1 Speakers - 1200W RMS - Dolby Pro Logic IIx, Dolby Digital, Dolby Digital EX, DTS, DTS-ES, DTS Neo:6, DTS 96/24 - Black",Onkyo,$478.72
Sony HT7200DH Home Theater System,"DVD Player, A/V Receiver, 5.1 Speakers - 1 Disc(s) - Progressive Scan - 1000W RMS - Dolby Digital, Dolby Pro Logic, Dolby Pro Logic II, DTS",Sony,$376.96
Sony STR-DG820 A/V Receiver - STRDG820,"Dolby Digital, Dolby Pro Logic II, DTS 96/24, DTS Neo:6, Dolby Digital EX, Dolby Pro Logic IIx, Dolby Pro Logic, DTS-ES, Digital Cinema Sound, DTS",Sony,$318.72
Sony BRAVIA Z Series KDL-40Z4100 40' LCD TV - KDL40Z4100/B,"40' - ATSC, NTSC - 16:9 - 1920 x 1080 - Dolby, Surround - HDTV - 1080i, 1080p",Sony,"$1,327.47"
Sony BRAVIA Z Series KDL-46Z4100 46' LCD TV - KDL46Z4100/B,"46' - ATSC, NTSC - 16:9 - 1920 x 1080 - Dolby - HDTV - 1080i, 1080p",Sony,"$1,687.98"
Sony BRAVIA M Series KDL-32M4000 32' LCD TV - KDL32M4000,"32' - ATSC, NTSC - 16:9 - 1366 x 768 - HDTV",Sony,$639.95
Sony BRAVIA W Series KDL-46W4100 46' LCD TV - KDL46W4100,"46' - ATSC, NTSC - 16:9 - 1920 x 1080 - HDTV",Sony,"$1,399.99"
Sony BRAVIA V Series KDL-52V4100 52' LCD TV - KDL52V4100,"52' - ATSC, NTSC - 16:9 - 1920 x 1080 - HDTV",Sony,"$1,599.00"
LG 52LG50 52' LCD TV,"LG 52LG50 - 52' Widescreen 1080p LCD HDTV - 15,000:1 Dynamic Contrast Ratio - 6ms Response Time",LG Electronics,
LG 47LG50 47' LCD TV,"LG 47LG50 - 47' Widescreen 1080p LCD HDTV - 15,000:1 Dynamic Contrast Ratio - 5ms Response Time",LG Electronics,
LG 32LG40 32' TV/DVD Combo,"LG 32LG40 - 32' Widescreen 720p LCD HDTV w/ Built-in DVD Player - 12,000:1 Dynamic Contrast Ratio - 8ms Response Time",LG Electronics,
Mitsubishi Diamond WD-73835 73' Projection TV - WD73835,73' - DLP,Mitsubishi,"$3,299.00"
LG LG70 Series 52LG70 52' LCD TV,"LG 52LG70 - 52' Widescreen 1080p LCD HDTV - 120Hz - 15,000:1 Dynamic Contrast Ratio - 4ms Response Time",LG Electronics,
Sony BRAVIA W Series KDL-52W4100 52' LCD TV - KDL52W4100,52' - 16:9 - 1920 x 1080 - HDTV,Sony,"$1,998.72"
Mitsubishi Diamond WD-65835 65' Projection TV,65' - DLP,Mitsubishi,"$2,399.00"
Sony STR-DG920 A/V Receiver - STRDG920,"Dolby Digital, Dolby Pro Logic II, DTS 96/24, DTS Neo:6, Dolby Digital EX, Dolby Pro Logic IIx, Dolby Pro Logic, DTS-ES, Digital Cinema Sound, DTSFM, AM, XM",Sony,$404.07
Denon AVR-1609 A/V Receiver - AVR1609,"Dolby Digital Surround, Dolby Pro Logic IIx, DTS-ES, DTS Neo:6, DTS 96/24FM, AM",Denon,$348.00
Denon AVR-1709 A/V Receiver - AVR1709,"Dolby Digital Surround, DTS-ES, DTS Neo:6, DTS 96/24, Dolby Pro Logic IIxFM, AM",Denon,$448.00
Nikon D700 Digtal SLR Camera - 25444,12.1 Megapixel - 3' Active Matrix TFT Color LCD,Nikon,"$2,699.00"
Sony DPFD70 Digital Photo Frame,Photo Viewer - 7' LCD,Sony,$107.58
Sony DPFV900 Digital Photo Frame - DPF-V900,Photo Viewer - 9' LCD,Sony,$199.95
Olympus FE-360 Digital Camera - Pink - 226540,8 Megapixel - 16:9 - 3x Optical Zoom - 4x Digital Zoom - 2.5' Color LCD,Olympus,$104.95
Olympus FE-370 Digital Camera - Silver - 226420,"Olympus FE-370 8 Megapixel Digital Camera w/ Dual Image Stabilization, 5x optical zoom, 2.7 LCD, Face Detection, & 19 easy-to-use Shooting Modes - Silver",Olympus,$129.95
Sony RDR-GX360 DVD Player/Recorder,"DVD+RW, DVD-R, DVD-RAM, CD-RW - DVD Video, CD-DA, Video CD Playback - 1 Disc(s) - Progressive Scan",Sony,$109.99
Toshiba 22LV506 22' TV/DVD Combo,"21.9' - LCD - Active Matrix - ATSC, NTSC - 16:9 - 1680 x 1050 - - HDTV - DVD-R, DVD-RW, CD-R, CD-RW - 720p",Toshiba,
Toshiba XD-E500 Upconversion DVD Player,"DVD-RW, CD-RW - DVD Video, CD-DA, JPEG, WMA, MP3, PCM Playback - Progressive Scan",Toshiba,$81.96
Toshiba SD-V296 DVD/VCR Combo,"VHS, DVD-RW, CD-RW - DVD Video, Video CD, WMA, MP3, JPEG, DivX, SQPB Playback - 1 Disc(s) - Progressive Scan - Black",Toshiba,
Sony Cyber-shot DSC-W170 Digital Camera - Silver - DSCW170,10.1 Megapixel - 16:9 - 2x Digital Zoom - 2.7' Active Matrix TFT Color LCD,Sony,
Nikon Coolpix S610 Digital Camera - Midnight Black - 26125,10 Megapixel - 16:9 - 4x Optical Zoom - 4x Digital Zoom - 3' Active Matrix TFT Color LCD,Nikon,
Canon CL-211 Color Ink Cartridge For PIXMA MP240 and MP480 Printers - 2976B001,"Cyan, Magenta, Yellow",Canon,$19.37
Garmin nvi 755T Automobile Navigator - 010-00715-30,4.3' Active Matrix TFT Color LCD,Garmin,$364.99
Panasonic Lithium Ion Digital Camera Battery - CGR-S006A/1B,Lithium Ion (Li-Ion) - Photo Battery,Panasonic,$49.99
Sony BRAVIA DAV-IS50/B Home Theater System,"DVD Player, 5.1 Speakers - 1 Disc(s) - Progressive Scan - 450W RMS - Dolby Digital EX, Dolby Pro Logic, Dolby Pro Logic II",Sony,
Canon PowerShot SX110 IS Digital Camera - Silver - 2666B001,"Canon PowerShot SX110 IS 9 Megapixel Digital Camera w/ 10x Optical Zoom, 3' LCD, ISO 1600, Optical Image Stabilizer - Silver",Canon,
Canon PowerShot A1000 IS Digital Camera - Gray - 3210B001,"Canon PowerShot A1000 IS 10 Megapixel Digital Camera w/ 4x Optical Zoom, 2.5 LCD, Optical Image Stabilizer, & Face Detection - Gray",Canon,
Canon CLI-221 Black Ink Cartridge - 2946B001,Black,Canon,$11.99
Canon CLI-221 Gray Ink Cartridge - 2950B001,Gray,Canon,$11.99
Canon CLI-221 Yellow Ink Cartridge - 2949B001,Yellow,Canon,$11.99
Nikon D90 Digital SLR Camera with AF-S DX Nikkor 18-105mm f/3.5-5.6G ED VR Lens - 25448,"Nikon D90 12 Megapixel Digital SLR Camera w/ 3' LCD, Live View, 18-105mm Lens, 4.5 fps Burst & In-Camera Image Editing",Nikon,"$1,159.88"
Sony VAIO JS All-in-One Desktop - VGCJS130J/B,"Sony VAIO VGC-JS130J/B Desktop 20.1-Inch All-in-one PC -2.5 GHz Intel Pentium Dual-Core E5200 Processor, 4 GB RAM, 500 GB Hard Drive, Vista Premium - Black",Sony,"$1,028.53"
Samsung 9 Series LN55A950 55' LCD TV,"55' - ATSC, NTSC - 181 Channels - 16:9 - 1920 x 1080 - Surround - HDTV - 1080p",Samsung,"$4,049.98"
Sony VAIO RT All-in-One Desktop - VGCRT150Y,"Sony VAIO RT150Y All In One Desktop Computer 2.66Ghz Intel Core 2 Quad 9400 Processor, 8GB RAM, 1TB Hard Drive, BD-RE Drive, NVIDIA GeForce 9600M GT, 25.5' WUXGA HD Display, Windows Vista Ultimate",Sony,
Sony VAIO LV All-in-One Desktop - VGCLV150J,"Sony VAIO VGC-LV150J Desktop 24-Inch All-in-One PC - 2.53 GHz Intel Core 2 Duo E7200 Processor, 4 GB RAM, 500 GB Hard Drive, Blu-ray Drive, Windows Vista Home Premium- Silver",Sony,"$1,954.27"
Sony VAIO AW110J/H Notebook - VGNAW110J/H,"Sony Vaio AW Series AW110JH Notebook 2.26GHz Intel Core 2 Duo P8400, 4GB RAM, 320GB Hard Drive, DVD +/- RW w/ Blu-ray Disc Support, Wireless 802.11a/b/g/n, NVIDIA GeForce 9300M, 18.4' XBRITE-ECO LCD Display, Webcam & Mic, Windows Vista Home Premium",Sony,
Canon DC310 Digital Camcorder - 2694B001,"Canon DC310 DVD Camcorder w/ 41x Advanced Zoom, Built-in Lens Cover, Image Stabilization, & Canon Exclusive- DIGIC DV II",Canon,$289.95
Sony DVP-NC800H/S DVD Player - DVP-NC800HS,"DVD+RW, DVD-RW, DVD+R, DVD-R, CD-RW - DVD Video, CD-DA, JPEG, MP3, SVCD, Video CD Playback - 5 Disc(s) - Progressive Scan - Silver",Sony,$128.69
Sony BRAVIA M Series KDL-19M4000 19' LCD TV - kdl19m4000s,"19' - ATSC, NTSC - 16:9 - 1440 x 900 - Dolby - HDTV - 1080i, 1080p",Sony,$379.72
Sony VAIO CS110E/R Notebook - VGNCS110E/R,"Sony VAIO CS Series CS110E/R Notebook Intel Core 2 Duo T5800 2.0GHz, 3GB, 250GB HDD, 14.1' Widescreen, DVD+/-RW DL, Bluetooth, 802.11 a/b/g/n, Microsoft Vista Home Premium (Red)",Sony,$965.00
Samsung 9 Series LN46A950 46' LCD TV,"46' - ATSC, NTSC - 181 Channels - 16:9 - 1920 x 1080 - Surround - HDTV - 1080p",Samsung,"$2,699.98"
Onkyo TX-SR706 A/V Receiver - TXSR706B,"Dolby Digital Plus, Dolby TrueHD, DTS-HD, THX Select 2FM, AM, XM",Onkyo,$595.97
Sony VAIO NS190J/S Notebook - VGNNS190J/S,"Sony VAIO NS Series NS190JS Notebook 2GHz Intel Core 2 Duo T5800, 4GB RAM, 250GB Hard Drive, DVD+/-R/RW w/ Blu Ray support, Wireless Link 5100AGN, Intel Graphics Media Accelerator 4500MHD, 15.4' WXGA LCD Display, Windows Vista Home Premium (Silver)",Sony,$949.99
Canon PowerShot SX10 IS Digital Camera - 2665B001,"Canon PowerShot SX10 IS 10 Megapixel Digital Camera w/ 20x Optical Zoom, 28mm Wide Lens, 2.5' LCD, Motion Detection, & Red Eye Correction",Canon,$339.88
Canon PowerShot SD880 IS Digital Camera - Silver - 3197B001,"Canon PowerShot SD880 IS 10 Megapixel Digital Camera w/ UA Lens, 4x Optical Zoom, 28mm Wide Lens, Optical Image Stabilizer, & PureColor II 3' LCD - Silver",Canon,$246.88
Apple iPod Shuffle 1GB Flash MP3 Player - MB811LL/A,1GB Flash Memory - Pink,Apple,$49.00
Belkin Folio for iPod touch - F8Z373,Leather - Black,Belkin,$19.99
Griffin 8245-IP2MGNFI Clarifi Protective case for Smartphone,Polycarbonate - Black,Griffin,$18.99
Apple iPod touch 32GB Flash Portable Media Player - MB533LL/A,"Audio Player, Video Player, Photo Viewer - 3.5' Color LCD - 32GB Flash Memory",Apple,$394.99
Apple iPod Classic 120GB Hard Drive Portable Media Player - MB562LL/A,"Audio Player, Video Player, Photo Viewer - 2.5' Color LCD - 120GB Hard Drive - Silver",Apple,$219.97
Apple iPod Classic 120GB Hard Drive Portable Media Player - MB565LL/A,"Audio Player, Video Player, Photo Viewer - 2.5' Color LCD - 120GB Hard Drive - Black",Apple,$219.97
Apple iPod nano 16GB Flash Portable Media Player - MB913LL/A,"Audio Player, Video Player, Photo Viewer - 2' Color LCD - 16GB Flash Memory - Green",Apple,$178.99
Panasonic Lumix DMC-FZ28 Digital Camera - Black,"Panasonic DMC-FZ28K Lumix 10 Megapixel Digital Camera with 27mm LEICA DC VARIO-ELMARIT Lens, 18x Optical Zoom and Intelligent Auto Mode - Black",Panasonic,
Belkin Switch-to-Mac Cable - F4U001,1 x USB - 1 x USB - 8ft - White,Belkin,$21.80
Apple iPod touch 8GB Flash Portable Media Player - MB528LLA,"Audio Player, Video Player, Photo Viewer - 3.5' Color LCD - 8GB Flash Memory",Apple,$229.00
Apple iPod touch 16GB Flash Portable Media Player - MB531LLA,"Audio Player, Video Player, Photo Viewer - 3.5' Color LCD - 16GB Flash Memory",Apple,$309.99
Coby Electronics TF-TV1514 15' LCD TV,"15' - Active Matrix TFT - ATSC, NTSC - 16:9 - 1280 x 800 - HDTV",Coby,$149.99
Sony DPFD80 Digital Photo Frame,Photo Viewer - 8' LCD,Sony,
Denon AVR2809CI A/V Receiver,"Dolby Pro Logic IIx, Dolby Digital EX, DTS-ES Discrete, DTS-ES Matrix, DTS Neo:6, Dolby TrueHD, Dolby Digital Plus, Neural SurroundAM, FM",Denon,"$1,198.00"
Sony VAIO CS180J/Q Notebook - VGNCS180J/Q,"Sony VAIO CS Series VGN-CS180J/Q 14.1-Inch Notebook 2.26 GHz Intel Core 2 Duo P8400 Processor, 4 GB RAM, 320 GB Hard Drive, Blu-ray Drive, Vista Home Premium- Black",Sony,"$1,239.97"
Sony VAIO CS180J/P Notebook - VGNCS180J/P,"Sony VAIO CS Series VGN-CS180J/P 14.1-Inch Notebook 2.26 GHz Intel Core 2 Duo P8400 Processor, 4 GB RAM, 320 GB Hard Drive, Blu-ray Drive, Vista Home Premium- Pink",Sony,"$1,199.99"
Apple MacBook Notebook - MB467LLA,"Intel Core 2 Duo 2.4GHz - 13.3' WXGA - 2GB DDR3 SDRAM - 250GB HDD - DVD-Writer (DVDR/RW) - Gigabit Ethernet, Wi-Fi, Bluetooth - Mac OS X 10.5 Leopard",Apple,"$1,549.99"
Sharp AQUOS BD-HP21U Blu-ray Disc Player,"BD-RE, DVD+RW, DVD-RW, CD-RW - BD Video, DVD Video, JPEG, CD-DA, MPEG-2, VC-1, AC3, LPCM Playback - Progressive Scan",Sharp,$218.63
Sharp AQUOS BD-HP50U Blu-ray Disc Player,"BD-RE, DVD+RW, DVD-RW, CD-RW - BD Video, DVD Video, CD-DA, JPEG, VC-1, MPEG-2, AC3, LPCM Playback - Progressive Scan",Sharp,$266.96
Sharp AQUOS LC-42D85U 42' LCD TV,"42' - Active Matrix TFT - ATSC, NTSC - 16:9 - 1920 x 1080 - HDTV - 1080p",Sharp,"$1,076.65"
Sony ICD-B600 512MB Digital Voice Recorder - ICDB600,512MB Flash Memory - LCD - Portable,Sony,$30.45
Sony BRAVIA VPL-HW10 Digital Projector - VPLHW10,1920 x 1080 - 22.05lb,Sony,
Apple MacBook Pro Notebook - MB471LL/A,"Intel Core 2 Duo 2.53GHz - 15.4' WXGA+ - 4GB DDR3 SDRAM - 320GB HDD - DVD-Writer (DVDR/RW) - Gigabit Ethernet, Wi-Fi, Bluetooth - Mac OS X 10.5 Leopard",Apple,"$2,369.00"
Denon DVD-1800BD Blu-ray Disc Player,"BD-R, DVD-R, CD-R, Secure Digital (SD) - BD Video, DVD Video, WMA, MP3, DivX 6, JPG Playback - Progressive Scan",Denon,$499.00
Canon EOS 5D Mark II Digital SLR Camera - 2764B003,21.1 Megapixel - 16:9 - 3' Active Matrix TFT Color LCD,Canon,"$3,699.99"
Onkyo TX-SR876 A/V Receiver - TXSR876B,"Dolby Digital, Dolby TrueHD, DTS-HD, Dolby Digital EX, Dolby Digital Plus, Dolby Pro Logic II, Dolby TrueHD, DTS, DTS-ES, DTS Neo:6, THX Surround EX, THX Select 2FM, AM",Onkyo,"$1,077.98"
Onkyo TX-NR906 A/V Receiver - TXNR906B,"THX Ultra 2, Dolby Digital Plus, Dolby TrueHD, DTS-HD, Neural SurroundFM, AM",Onkyo,"$1,497.99"
Onkyo TX-8255 A/V Receiver,"AM, FM",Onkyo,$159.98
Denon DHT-589BA Home Theater System,", A/V Receiver, 5.1 Speakers - Dolby Pro Logic II, DTS",Denon,$448.80
LG 42LG30 42' LCD TV,"LG 42LG30 42' LCD HDTV - 12,000:1 Dynamic Contrast Ratio - Invisible Speaker",LG Electronics,
Apple 8x DVDRW Drive - MB397G/A,(Double-layer) - DVD-RAM/R/RW - 8x 8x 8x (DVD) - 24x 16x 24x (CD) - USB - External,Apple,$95.71
Apple MacBook Pro Notebook - MB470LL/A,"Intel Core 2 Duo 2.4GHz - 15.4' WXGA+ - 2GB DDR3 SDRAM - 250GB HDD - DVD-Writer (DVDR/RW) - Gigabit Ethernet, Wi-Fi, Bluetooth - Mac OS X 10.5 Leopard",Apple,"$1,849.00"
Apple iPod nano Armband - MB769G/A,Grey,Apple,$29.00
Sony DPFD100 Digital Photo Frame,Photo Viewer - 10' LCD,Sony,$249.12
Sony XDR-S10HDiP Clock Radio with iPod Dock - XDRS10HDIP,LCD,Sony,$149.95
Sony BRAVIA XBR Series KDL-46XBR6 46' LCD TV - KDL46XBR6,"46' - Active Matrix TFT - ATSC, NTSC - 16:9 - 1920 x 1080 - Dolby, Surround - HDTV - 480i, 480p, 720p, 1080i, 1080p",Sony,"$1,977.72"
Sony BRAVIA XBR Series KDL-52XBR6 52' LCD TV - KDL52XBR6,"52' - Active Matrix TFT - ATSC, NTSC - 16:9 - 1920 x 1080 - Dolby, Surround - HDTV - 480i, 480p, 720p, 1080i, 1080p",Sony,"$2,573.72"
Sony VAIO LV140J Desktop - VGC-LV140J,"Intel Core 2 Duo E7200 2.53GHz - 4GB DDR2 SDRAM - 320GB - DVD-Writer (DVD-RAM/R/RW) - Gigabit Ethernet, Bluetooth, Wi-Fi - 24' Active Matrix TFT Color LCD - Windows Vista Home Premium x64 - All-in-One",Sony,"$1,599.99"
Sony VAIO FW378J/B Notebook - VGNFW378J/B,"Intel Centrino 2 Core 2 Duo P8600 2.4GHz - 16.4' - 4GB DDR2 SDRAM - 320GB HDD - BD-Reader/DVD-Writer (BD-ROM/DVD-RAM/R/RW) - Wi-Fi, Gigabit Ethernet, Bluetooth - Windows Vista Home Premium x64 - Black",Sony,
